Country,Shipment_Mode,Qauntity_of_pack,Pack_Price,Weight_Kg,Freight_Cost_USD,Product_Insurance_USD
Rwanda,Air,100,0.01,99,0.75,0.02
Vietnam,Air,60,7,148,14.36,5.49
Vietnam,Air,30,23.26,55,17.72,10.73
C?te dIvoire,Truck,30,13.52,7,22.29,0.99
Burundi,Air,60,6.52,186,29.21,6.37
C?te dIvoire,Air,30,50.4,464,30,525.53
Mozambique,Truck,60,1.74,39,30.49,1.16
Uganda,Air,120,87.46,5,41,3.9
Zambia,Truck,60,11.23,35,42.35,3.73
Uganda,Air,180,50,11,48,4.7
Mozambique,Truck,30,13.52,195,63.07,26.88
Namibia,Air,25,75,3,85.27,1.03
Uganda,Air,60,6.85,86,86,6
Rwanda,Air,60,9.5,40,86.4,2.77
Namibia,Air,25,75,5,87.73,1.03
Zambia,Truck,120,19.71,80,87.87,6.32
"Congo, DRC",Air,60,2.33,2,91.42,0.14
"Congo, DRC",Air,60,2.33,12,91.43,0.72
Kenya,Air,100,89,1476,91.66,0.12
Kenya,Air,100,89,1479,91.67,927.72
Kenya,Air,100,89,1059,91.67,767.63
Kenya,Truck,25,20,97,98.08,8.64
Kenya,Truck,25,0.01,3,99,0
Uganda,Air,60,91.5,6,99,8.3
Zimbabwe,Air,60,4,8894,102.67,8.11
Mozambique,Truck,60,2.58,183,112.87,8.05
Ethiopia,Air,60,5.73,341,114.22,6.93
Mozambique,Truck,60,2.6,150,118.16,8.2
Mozambique,Truck,30,13.52,383,123.7,52.72
C?te dIvoire,Air,100,80,1280,125.42,291.44
C?te dIvoire,Air,100,80,1284,125.42,292.33
Zimbabwe,Truck,30,13.15,102,129.75,14.69
Guyana,Air,20,29,7,130,0.9
Namibia,Air,25,75,4,133.25,0.59
Nigeria,Air Charter,60,3.6,71,134,3.38
Mozambique,Truck,30,3.55,76,137.4,4.01
Sudan,Air,1,0.9,1,137.5,0.02
Uganda,Air,120,84.3,22,140,12.94
Ethiopia,Air,20,32,58,143.57,6.4
South Africa,Ocean,60,14.93,590,146.5,151.63
Rwanda,Air,30,3.55,25,149.65,1.61
Kenya,Truck,20,32,394,157.5,78.4
Kenya,Truck,20,32,393,157.5,78.4
South Africa,Ocean,60,14.93,12,160.52,2.96
Nigeria,Air,60,26.3,1,165,0.21
Mozambique,Truck,30,3.78,64,166.96,3.11
Kenya,Truck,20,32,56,167.44,8.6
Uganda,Air,120,92.43,14,171,14.49
Nigeria,Air Charter,90,9.3,65,177,6.07
Guyana,Air,25,37.5,34,180,5.88
Guyana,Air,100,0.01,14,180,0
Guyana,Air,60,46.3,59,180,26.95
Nigeria,Air Charter,30,13.52,49,181.92,7.76
Kenya,Truck,20,32,241,188,47.04
Kenya,Truck,100,5,751,190.06,1.92
Uganda,Air,120,75,43,199,12.72
Guatemala,Air,5,70.2,29,209.37,8.69
Guyana,Air,60,14.63,25,211,2.6
Nigeria,Air,30,17,4,213.75,1.31
Ethiopia,Air,20,29,15,218.75,1.79
Rwanda,Air,60,3.67,49,221.96,3.46
Zimbabwe,Truck,240,13.6,195,221.96,13.28
Zimbabwe,Truck,60,3.95,6368,225.79,26.94
Ghana,Air,60,2.51,2269,226.25,157.54
Ghana,Air,30,6.42,90,226.25,11.5
Ghana,Air,30,6.42,611,226.25,115.61
Ghana,Air,60,2.51,2216,226.25,105.65
Mozambique,Truck,30,13.52,227,227.19,35.51
Namibia,Air,25,75,25,238.56,4.85
Haiti,Air,100,0.01,24,240,0
Haiti,Air,120,66.6,26,240,9.89
Uganda,Air,60,91.5,23,250,34.88
Zimbabwe,Truck,90,4.42,561,251.42,18.03
Uganda,Air,120,66.6,35,251.52,16.15
Rwanda,Air,30,20.25,87,255,25.98
Haiti,Air,60,9.5,43,260,1.49
Haiti,Air,60,7,29,260,1.65
Haiti,Air,60,55.5,11,260,8.24
Kenya,Truck,25,20,662,261.86,58.94
Uganda,Air,120,36,22,265,4.81
Guyana,Air,20,27,14,269.98,1.78
C?te dIvoire,Truck,60,1.99,47,270.74,1.43
Zambia,Truck,60,1.99,312,274.51,8.18
Kenya,Air,20,32,4995,275,313.29
Mozambique,Air,60,66.6,13,277.4,5.48
Rwanda,Air,30,0.01,24,280.23,0
Guyana,Air,1,2.5,2,281.61,0.16
Uganda,Air,120,66.6,79,281.94,37.4
Guyana,Air,20,27,1,283.21,0.29
Uganda,Air,180,50,9,286,2.97
Nigeria,Air,30,26.25,5,286.65,2.57
Haiti,Air,180,16.96,159,290,19.2
Haiti,Air,180,16.96,54,290,6.38
Haiti,Air,180,50,7,290,3.02
Haiti,Air,180,50,7,290,2.31
Haiti,Air,180,16.96,109,290,12.51
Haiti,Air,180,16.96,47,290,5.55
Haiti,Air,180,16.96,76,290,7.56
Haiti,Air,180,16.96,72,290,7.14
Uganda,Air,120,36,74,294.86,9.66
Guyana,Air,20,29,5,296.52,0.77
Uganda,Air,120,91.76,24,297,24.98
Guyana,Air,20,29,2,297,0.24
Uganda,Air,120,36,151,297.25,18.54
Haiti,Air,60,2.3,21,304.62,0.96
Haiti,Air,60,1.9,26,304.63,1.09
Haiti,Air,60,6.2,46,304.63,7.51
Botswana,Air,3,25,6,304.76,0.49
Uganda,Air,60,55.5,137,309.95,74.11
Guyana,Air,120,82.19,589,314,440.27
Ethiopia,Air,20,32,8,315.44,1.08
Mozambique,Truck,60,2.33,181,315.51,12.91
Zimbabwe,Truck,30,4.22,257,320.43,29.24
Uganda,Air,120,66.6,119,321.94,55.25
Botswana,Air,3,25,6,322.12,0.49
Guyana,Air,20,29,6,325.67,0.72
Uganda,Air,30,23.67,2,330,1.89
Uganda,Air,120,36,24,330,5.6
Ethiopia,Air,20,32,17,334.65,1.17
Botswana,Air,3,25,6,337.89,0.49
Nigeria,Air,30,1.59,14,350.02,0.67
Mozambique,Air,200,1.45,15,350.78,0.38
Ethiopia,Air,20,29,42,354.59,4.92
Uganda,Air,120,66.6,169,359.53,69.29
Guyana,Air,100,0.01,14,360,0
Uganda,Air,100,0.01,56,360,0.01
Uganda,Air,60,91.5,7,360,12.43
Zambia,Truck,60,15.04,257,361.73,63.23
Vietnam,Air,30,13,6,363.96,2.35
Mozambique,Air,30,3.42,35,364.51,3.12
Nigeria,Air,30,1.1,13,365.48,0.54
Uganda,Air,120,82.07,16,375,11.24
Uganda,Air,30,18.34,2,378,1.8
Guyana,Air,20,27,35,379.62,5.18
Ethiopia,Air,20,29,47,379.65,5.49
Vietnam,Air,30,23.26,52,379.77,9.56
Botswana,Air,100,70,4,383.65,2.06
Guyana,Air,20,27,11,386.16,1.16
Uganda,Air,30,18.34,4,390.81,3.02
Rwanda,Air,30,5.69,55,393.29,6.13
Uganda,Air,180,50,34,395,14.99
Uganda,Air,60,4,4,396.08,0.52
C?te dIvoire,Truck,240,2.1,100,396.32,0.34
Ethiopia,Air,1000,44.84,7,399.18,2.3
Pakistan,Air,20,32,3,400.75,0.51
Zambia,Truck,60,5.5,312,401.82,29.86
Namibia,Air,25,75,48,401.97,9.85
Botswana,Air,3,25,6,402.42,0.49
Botswana,Air,3,25,7,403.66,0.49
Vietnam,Air,30,23.26,34,404.78,10.63
Kenya,Truck,100,79.99,490,405.97,255.97
Ethiopia,Air,20,32,15,406.68,1.93
Mozambique,Air,240,21.05,141,411.07,13.37
Kenya,Truck,25,0.01,399,417.42,0.02
Uganda,Air,120,41.1,18,418.75,5.26
Botswana,Air,3,25,6,418.94,0.49
Botswana,Air,3,25,6,418.94,0.49
Vietnam,Air,30,23.26,43,421.24,12.34
South Africa,Ocean,90,8.17,40,422.84,4.04
Mozambique,Air,60,1.49,18,423.89,1.08
Nigeria,Air,30,1.53,52,428.66,2.57
Uganda,Air,30,18.34,3000,428.91,2.16
Vietnam,Air,60,11.4,36,430.5,8.33
Uganda,Air,60,55.5,39,433,30.35
Uganda,Air,180,50,19,435,7.35
Uganda,Air,120,83.98,10,435,9.05
Vietnam,Air,30,13,17,436.62,7.06
Vietnam,Air,120,82.2,83,436.86,90.22
Vietnam,Air,60,15.21,53,439.17,8.44
Ethiopia,Air,20,27,38,447.73,8.15
Uganda,Air,120,75,47,449,15.14
Haiti,Air,30,18.34,12,450,7.26
"Congo, DRC",Air,60,5.94,43,453.31,2.23
"Congo, DRC",Air,60,8.26,46,456.17,1.12
"Congo, DRC",Air,60,14.63,28,456.17,0.23
"Congo, DRC",Air,60,2.58,42,456.18,0.06
Vietnam,Air,60,11.4,81,459.72,11.41
Nigeria,Air,60,1.75,15,460,0.71
"Congo, DRC",Air,300,30.82,56,460.9,1.14
"Congo, DRC",Air,300,30.82,288,460.91,7.01
South Africa,Ocean,240,2.26,6876,461.5,71.22
Nigeria,Air,30,26.25,1,462.5,0.17
Nigeria,Air,30,23.67,11,463,9.28
Uganda,Air,120,93.14,43,466,39.8
Mozambique,Air,100,72.15,16,467.26,8.19
Ethiopia,Air,60,1.75,16,472.5,0.61
Uganda,Air,120,75,49,475,15.77
Namibia,Air,25,95,36,481.63,6.66
Zimbabwe,Truck,60,2.95,248,481.71,0.37
Dominican Republic,Air,100,75,28,483.68,5.07
Uganda,Air,60,3.4,6,484.56,0.88
Botswana,Air,1,23,16,486.18,0.76
Ethiopia,Air,20,32,10,490.23,1.21
"Congo, DRC",Air,60,2.33,4,491.42,0.22
"Congo, DRC",Air,60,2.33,1,491.43,0.07
"Congo, DRC",Air,60,2.33,5,491.43,0.24
Vietnam,Air,30,23.26,15,493.42,2.04
Liberia,Air,20,32,7,498.72,1.06
Uganda,Air,60,91.5,28,501,41.37
Zimbabwe,Truck,60,3.25,209,502.49,1.73
Ethiopia,Air,30,17,37,504,16.08
Mozambique,Truck,30,4.04,52,504.5,3.6
Ethiopia,Truck,336,38.36,25,505,0.86
Ethiopia,Air,20,32,10,512.31,1.21
Swaziland,Air,100,80,17,514.52,3.21
Liberia,Air,20,32,17,515.11,2.64
C?te dIvoire,Air,100,71.99,16,515.48,8.06
Ethiopia,Air,30,20,39,516.35,21.56
Mozambique,Air,100,71.99,1017,519.71,495.29
Vietnam,Air,30,23.26,56,520.19,10.76
Uganda,Air,60,7.5,4,521.52,1.46
"Congo, DRC",Air,60,2.33,6,522.42,0.02
"Congo, DRC",Air,60,2.33,1,522.42,0.08
"Congo, DRC",Air,60,2.33,1,522.42,0.08
"Congo, DRC",Air,60,2.33,2,522.42,0.08
Haiti,Air,100,139,4,523.12,0.54
Ethiopia,Air,240,14.64,18,523.45,3.16
Uganda,Air,60,1.46,7,523.64,0.31
Afghanistan,Air,1000,36,21,525.56,1.1
Botswana,Air,3,15.25,7,526.05,0.3
Uganda,Air,60,1.49,4,526.41,0.18
Ethiopia,Air,20,32,4,526.44,0.36
Uganda,Air,120,66.6,14,527,9.34
Ethiopia,Air,20,29,15,529.4,1.79
Ethiopia,Air,60,2.33,84,530.36,10.05
Ethiopia,Air,60,2.33,74,530.36,9.04
Uganda,Air,100,8,130,534.86,17.09
Zambia,Truck,60,2.18,477,535.52,8.8
Uganda,Air,30,11.75,61,536.02,16.47
Zimbabwe,Air,100,350,24,536.08,5.6
C?te dIvoire,Air,1000,52.49,12,536.78,1.23
Uganda,Air,60,2.44,5,537.32,0.43
Namibia,Air,100,80,39,541.42,21.76
Vietnam,Air,60,7,81,541.75,2.94
Guyana,Air,60,4.3,9,541.88,0.83
Uganda,Air,120,66.6,57,548.2,5.88
Cameroon,Air,100,111.58,30,549.16,3.68
Mozambique,Air,60,70,186,549.44,91.95
Afghanistan,Air,100,25,68,555.49,0.94
Mozambique,Air,20,32,8,558.46,1.03
Botswana,Air,20,32,10,559.89,1.72
Botswana,Air,100,70,5406,559.95,0.9
Guatemala,Air,120,237.45,31,566.56,68.56
Mozambique,Truck,30,4.04,63,569,5
Sudan,Air,20,32,18,569.11,2.8
C?te dIvoire,Air,60,9.5,78,570.75,7.19
Namibia,Air,60,2.4,53,571.53,3.24
Malawi,Air,20,32,5,572.55,0.59
Mozambique,Truck,240,2.1,904,573.43,8.14
Haiti,Air,60,7,26,575.17,1.18
Botswana,Air,2,30,1,578.01,0.88
Uganda,Air,60,1.55,33,578.24,1.24
Mozambique,Truck,60,4.32,571,578.25,29.78
Sudan,Air,20,32,5,578.73,0.58
Guyana,Air,20,27,13,581.1,2.16
Sudan,Air,20,32,13,581.73,2.06
Vietnam,Air,30,23.26,21,583.66,5.67
Botswana,Air,100,70,3,584.1,1.1
Ghana,Air,60,8.26,5199,585,438.42
Namibia,Air,20,32,12,585.12,2.2
Rwanda,Air,90,8.64,66,585.42,5.9
Uganda,Air,120,126.14,18,586.16,20.4
Lesotho,Air,100,350,17,587.63,3.92
Zimbabwe,Truck,240,12.5,37,588.71,1.75
Zimbabwe,Truck,240,12.5,29,588.72,1.4
Botswana,Air,2,31,5,592.46,1
Botswana,Air,20,32,2,592.46,0.31
Sudan,Air,20,32,21,593.72,3.43
Sudan,Air,20,32,4,593.8,0.53
Dominican Republic,Air,30,4.7,29,594.4,0.28
Sudan,Air,20,32,19,594.51,3.06
Botswana,Air,100,350,3,597.43,0.69
Zimbabwe,Air,30,2,63,598.08,0
Mozambique,Truck,60,4.32,592,598.91,25.62
Botswana,Air,2,31,1,599.73,1
Botswana,Air,20,32,3,603.53,0.31
Botswana,Air,100,350,39,604,5.6
Vietnam,Air,60,15.21,18,612.07,2.22
Botswana,Air,20,32,17,617.79,2.64
Guyana,Air,60,1.3,1,618.89,0.02
Nigeria,Air,20,32,60,624.92,8
Ethiopia,Air,60,4.09,115,630,12.91
South Africa,Ocean,30,4.51,2808,630.5,311.96
South Africa,Ocean,30,4.51,5623,630.5,624.84
South Africa,Ocean,30,4.51,10373,630.5,1152.6
Senegal,Air,120,18.64,21,632.63,2.19
Tanzania,Air,240,15.08,65,633,3.18
Botswana,Air,20,32,2,634.36,0.31
Zambia,Truck,60,11.23,506,635.95,62.71
Burundi,Air,60,2.21,35,638.65,1.19
Ethiopia,Air,30,17,49,639.75,32.2
Botswana,Air,100,71.99,25,641.04,11.52
Botswana,Air,100,71.99,28,641.06,11.52
Swaziland,Air,20,32,58,642.05,6.73
Vietnam,Air,30,23.26,40,642.45,10.95
Mozambique,Air,60,6.85,62,642.99,3.22
Sudan,Air,20,32,20,644.02,3.06
Tanzania,Air,30,23.67,117,645.1,98.35
Sudan,Air,20,32,12,646.81,1.85
Guyana,Air,25,37.5,34,648.27,7.94
Liberia,Air,25,20,25,648.95,2.31
Rwanda,Air,240,2.93,907,650.81,15.59
Botswana,Air,2,31,1,650.97,1
South Africa,Ocean,60,2.72,638,654.72,26.93
Vietnam,Air,60,5.75,117,658.27,3.54
Haiti,Air,60,10.28,19,658.68,0.33
Botswana,Air,20,32,26,659.27,3.45
South Africa,Ocean,60,7.3,391,659.58,90.92
Guatemala,Air,120,237.45,33,660.3,73.66
Guyana,Air,60,11.23,5,660.43,0.57
Guyana,Air,60,5.5,4,660.44,0.35
Uganda,Air,50,99.4,17,660.77,3.07
Rwanda,Air,300,41.1,50,661.06,3.29
Rwanda,Air,60,33.85,11,663.77,4.59
Dominican Republic,Truck,168,144,268,666.66,107.42
Uganda,Air,60,1.46,20,667.17,0.94
Vietnam,Air,30,3.24,93,668.75,3.94
Guyana,Air,100,4.5,5,672.49,0.63
Uganda,Truck,30,5.36,5,673.25,0.36
Uganda,Air,30,12.01,76,675,16.53
Nigeria,Air,60,7.53,2,675.47,0.41
Namibia,Air,100,77.7,24,677.37,12.82
Uganda,Air,60,7.4,36,677.4,2.18
Vietnam,Air,60,6.6,96,678.83,13.65
Vietnam,Air,60,12.25,136,678.96,11.68
Botswana,Air,100,350,12,684.42,3.43
Botswana,Air,100,350,48,684.42,13.72
Mozambique,Truck,60,6.52,884,684.86,78.91
Botswana,Air,100,70,3,690.02,1.1
Namibia,Air,30,12.01,181,690.39,40.35
Guyana,Air,20,27,28,692.38,5.29
Guyana,Air,100,4.6,16,693.16,0.67
Haiti,Air,60,10.28,17,693.54,1.81
Burundi,Air,30,27.6,44,694.1,11.75
Haiti,Air,60,5.5,69,694.54,5.6
South Africa,Ocean,60,8.42,1820,698,275.58
Haiti,Air,25,11.25,2,702.42,0.06
Malawi,Air,20,32,17,703.25,1.27
Botswana,Air,25,20,14,706.18,1.32
"Congo, DRC",Air,60,5.94,13,707.19,0.44
C?te dIvoire,Truck,30,3.55,110,707.7,6.44
Uganda,Air,336,38.36,53,708.2,1.24
Mozambique,Truck,30,13.49,517,708.23,79.39
Uganda,Air,30,5.78,22,709.02,2.27
Uganda,Air,60,55.5,19,710,14.71
Nigeria,Air,60,2.49,2,714.34,0.22
Rwanda,Air,30,13.3,41,717,17.18
Namibia,Air,100,77.7,19,718.32,8.17
Rwanda,Air,60,6.76,5,721.36,0.85
Haiti,Air,60,6.85,37,722.35,1.92
Guyana,Air,240,1.45,32,728.3,0.15
Nigeria,Air,120,94.68,77,729.03,87.78
Rwanda,Air,60,2.59,593,730.81,53.91
Rwanda,Air,60,3.09,1041,730.82,181.24
Burundi,Air,30,27.6,47,732.47,14.61
Malawi,Air,20,32,29,732.72,2.96
Rwanda,Air,60,33.85,17,733.64,7.52
"Congo, DRC",Air,30,7.58,9,734.66,0.78
South Sudan,Air,60,1.99,15,735.24,0.66
Haiti,Air,120,19.32,166,737.11,15.44
Haiti,Air,60,5.94,8,737.12,0.59
Mozambique,Air,84,38.36,63,740.16,12.89
Uganda,Air,240,1.92,46,740.34,0.39
Mozambique,Air,90,16.95,514,740.43,11.44
Vietnam,Air,300,60.82,164,742.1,8.53
South Sudan,Air,60,7.72,39,742.98,3.25
South Sudan,Air,60,7.72,25,742.98,3.25
Vietnam,Air,60,6.49,146,746.89,13.26
Uganda,Air,60,7.53,33,747.17,9.56
Nigeria,Air,30,26.25,7,747.5,3.19
Uganda,Air,60,1.9,45,747.76,1.5
Uganda,Air,60,11.35,45,749.25,7.79
Guyana,Air,300,60.82,48,749.36,0.9
Haiti,Air,60,21.42,1045,750.9,14.55
Namibia,Air,20,0.01,10,751.43,0
Swaziland,Air,20,32,54,752.58,6.73
Burundi,Air,30,27.6,45,753.35,11.75
Vietnam,Air,240,2.1,58,755.03,0.44
Ethiopia,Air,30,17,33,755.5,14.55
Ethiopia,Air,60,7.21,88,755.64,31.09
Haiti,Air,60,9.5,94,757.42,3.14
Burundi,Air,30,27.6,55,758.65,17.55
Uganda,Truck,90,7.3,25,759.79,3.05
Botswana,Air,100,80,5,760.22,1.72
Uganda,Air,60,91.5,21,761,33.67
Libya,Air,120,30.82,709,761.91,21.6
Guyana,Air,60,8.15,12,764.62,2.73
Botswana,Air,30,22.5,13,766.62,1.26
Botswana,Air,100,80,5,767.63,1.32
"Congo, DRC",Air,60,5.94,8,767.87,0.18
Zambia,Truck,60,2.49,414,770.14,13.39
Zambia,Air,25,20,40,771.88,5.17
Burundi,Air,120,21,95,771.9,2.29
Mozambique,Air,60,9.35,66,772.04,13.19
Haiti,Air,100,72,7,774.84,3.46
Uganda,Air,336,38.36,58,776.62,1.58
Tanzania,Air,30,23.67,363,777,139.18
Mali,Air,25,95,9,779.06,2.35
C?te dIvoire,Air,60,9.5,312,781.5,38.65
Haiti,Air,100,350,109,782.13,15.68
Guyana,Air,30,2,4,783.21,0.16
C?te dIvoire,Air,180,16.96,361,783.22,33.13
Haiti,Air,100,72,12,785.88,1.15
Botswana,Air,100,72,3,787.28,0.78
Uganda,Air,60,4,68,790.29,7.15
Uganda,Air,60,4,89,790.29,9.22
Guyana,Air,300,60.82,39,790.71,0.75
Dominican Republic,Air,20,32,146,790.78,16.45
Vietnam,Air,30,8.25,110,791.43,27.17
Haiti,Air,100,139,50,791.84,16.68
Ethiopia,Air,60,5.63,39,792.12,2.48
Zambia,Truck,60,2.44,1,792.62,0.1
Ethiopia,Air,20,32,138,794.72,7.4
Uganda,Air,30,27.6,86,798.43,22.7
Vietnam,Air,30,2.02,126,798.95,4.98
Uganda,Air,60,6.85,83,800,4.08
Mozambique,Truck,60,1.74,27,800,0.79
Rwanda,Air,60,40.62,69,802.85,22.28
Kenya,Air,100,75,18,803.6,1.58
Rwanda,Air,30,2.24,7,805.58,4.04
Haiti,Air,30,9,32050,806.55,9.88
Haiti,Air,120,41.1,9,807.28,0.81
Vietnam,Air,60,6.6,34,807.47,4.86
Botswana,Air,100,70,2,807.65,1.1
Botswana,Air,20,32,25,808,4.7
Haiti,Air,60,10.28,7,810.36,0.28
Botswana,Air,100,350,12,810.85,3.43
Ethiopia,Air,20,29,128,810.96,13.82
Senegal,Air,36,85,33,812,13.33
Burundi,Air,30,27.6,56,812.84,16.79
Zambia,Truck,60,7.75,750,813.75,44.64
Uganda,Air,120,36.16,36,814.04,4.25
C?te dIvoire,Truck,30,13.52,235,814.06,36.14
Haiti,Air,200,12.59,22,817.99,1.53
Haiti,Air,100,4.5,9,820.56,0.56
Vietnam,Air,120,82.2,88,823.94,51.56
C?te dIvoire,Air,60,9.5,368,824.37,38.67
Mozambique,Truck,240,2.02,707,826.26,6.07
Ethiopia,Air,20,29,151,827.88,13.82
Guyana,Air,300,60.82,50,828.23,1.06
Mozambique,Air,60,6.85,22,828.76,0.85
C?te dIvoire,Air,60,9.5,391,830.05,40.96
Mozambique,Air,30,4.04,108,832.5,9
Haiti,Air,1,23,30,835.01,1.98
Kenya,Air,48,83.04,58,836.14,3.73
Burundi,Air,30,25.5,34,836.8,10.9
Tanzania,Truck,60,2.15,2152,837.59,47.82
Kenya,Truck,25,20,965,838.83,86.02
Zimbabwe,Truck,240,12.5,16,839.7,0.74
Angola,Air,30,2.24,21,840.17,1
Namibia,Air,100,77.7,35,840.46,16.34
Mozambique,Truck,60,1.4,36,843.36,0.97
Dominican Republic,Air,1,0.9,71,844.36,0.67
Uganda,Air,120,90,15,845.1,17.99
Uganda,Air,120,41.1,123,845.37,3.38
Uganda,Air,50,99.4,19,846.03,3.07
Cameroon,Air,100,80,55,846.69,9.87
Pakistan,Air,20,32,19,851.24,1.57
Mozambique,Air,60,6.85,23,851.62,1.42
Nigeria,Air,120,95.34,83,852.02,93.43
Uganda,Air,60,6.85,32,852.02,1.78
Haiti,Air,180,16.96,1979,853.07,159.43
Rwanda,Air,60,9.1,2086,853.87,405.8
Rwanda,Air,60,9.1,719,853.88,139.83
Uganda,Air,50,90.91,8,855.41,1.69
Nigeria,Air,200,1.4,4,857.17,0.1
Namibia,Air,100,77.7,36,859.18,19.23
Botswana,Air,20,32,35,861,5.12
Guyana,Air,240,8.38,44,863.24,0.86
Guyana,Air,60,11.09,6,865.15,0.81
Vietnam,Air,60,8.61,105,865.6,19.85
Burundi,Air,30,27.6,63,865.67,19.33
Ethiopia,Air,60,7.21,90,866.71,25.8
Namibia,Air,100,70,6,868.31,3.29
South Sudan,Air,20,32,15,870.22,2.11
Namibia,Air,25,75,61,870.4,12
Haiti,Air,30,5.5,20,870.96,1.48
Burundi,Air,30,27.6,58,871.28,15.29
Liberia,Air,25,20,34,871.3,3.3
Haiti,Air,100,139,54,871.57,22.88
Haiti,Air,100,139,54,871.71,18.68
Guyana,Air,240,8.38,11,871.8,0.26
Uganda,Air,60,6.85,36,876.99,2.5
Burundi,Air,30,27.6,63,877.52,19.3
Haiti,Air,60,6.85,30,877.61,2.03
C?te dIvoire,Air,180,50,254,881.33,107.8
Guyana,Air,100,4.6,33,882.81,0.98
Sudan,Air,100,8,2,885.49,0.03
Sudan,Air,100,8,2,885.49,0.01
Uganda,Air,60,55.5,35,886,13.07
Zambia,Truck,60,2.23,633,886.11,23.82
Tanzania,Air,60,27.53,569,886.35,252.4
Uganda,Air,60,6.85,65,887.67,3.53
Tanzania,Air,30,23.67,335,888,46.39
Mozambique,Truck,60,1.4,43,888.93,1.24
Rwanda,Air,30,5.99,4,889.55,0.36
Zambia,Truck,60,7.02,639,889.94,73.85
Uganda,Air,60,3.4,214,891,10.11
"Congo, DRC",Air,60,11.23,116,891,8.25
Zimbabwe,Truck,60,1.99,1037,891.65,30.69
Ethiopia,Air,60,9.5,170,892,27.31
Vietnam,Air,60,8.61,211,892.5,39.69
Haiti,Air,60,5.94,65,892.5,3.18
Uganda,Air,120,18.9,9014,892.92,1.96
Guyana,Air,240,8.38,22,892.96,0.31
Haiti,Air,60,10.28,10,893.22,0.93
"Congo, DRC",Air,60,5.58,21,895.38,2.18
Rwanda,Truck,60,3.2,28,896.26,1.81
Uganda,Air,30,1.25,64,896.35,1.54
Haiti,Air,180,16.96,14,896.55,0.92
Haiti,Air,100,139,1,897.52,0.44
Mozambique,Air,20,32,41,897.87,5.7
Nigeria,Air Charter,30,3.12,514,898,21.73
Nigeria,Air,30,13.66,12,900,4.28
Sudan,Air,100,89,10,900.53,2.94
Guyana,Air,90,9.3,5,908.65,0.72
Zimbabwe,Truck,30,11,6,909.15,1.21
Tanzania,Air,20,32,10,910.73,1.58
Haiti,Air,60,10.28,31,910.86,2.96
Ethiopia,Air,20,32,60,911.32,7.49
"Congo, DRC",Air,60,11,13,912.36,0.43
"Congo, DRC",Air,30,4.12,55,912.36,0.17
Uganda,Air,60,26.09,25,915.09,12.27
South Africa,Air,30,7.82,76,916.22,18.71
South Africa,Air,30,7.82,793,916.22,195.14
Uganda,Air,30,2.24,12,917.35,0.54
Mozambique,Air,60,3.04,113,919.2,10.24
Zambia,Air,90,16,109,919.66,23.04
Rwanda,Air,60,1.99,16,919.81,0.74
Uganda,Air,120,36,119,923.18,18.58
Nigeria,Air,30,50.4,169,924.4,197.57
Tanzania,Air,100,80,2,925.04,0.3
Ethiopia,Air,20,32,61,925.05,7.49
Rwanda,Air,30,3.66,15,925.6,0.71
Guyana,Air,300,60.82,53,926.13,1.44
Haiti,Air,60,54,42,926.3,6.16
C?te dIvoire,Truck,60,1.74,157,926.7,2.47
Haiti,Air,60,9.04,13,928.11,0.8
Rwanda,Air,60,5.94,83,929.85,4.49
Guyana,Air,60,1.32,5,931.34,0.05
Haiti,Air,180,16.96,30,933.09,1.9
Uganda,Air,60,9.45,75,935.8,12.1
Uganda,Air,30,22.5,173,935.89,39.81
Uganda,Truck,60,2.26,76,936.81,4.84
"Congo, DRC",Air,30,1.25,53,938.05,1.52
"Congo, DRC",Air,30,1.25,27,938.06,0.76
Zimbabwe,Air,100,71.99,161,939.12,63.35
Tanzania,Air,20,32,33,939.38,2.76
Tanzania,Air,20,32,36,939.62,5.12
Zimbabwe,Air,30,8.5,8,940.23,2.27
Haiti,Air,60,1.4,6,941.74,0.18
Sudan,Air,100,8,2,942.64,0.05
Burundi,Air,30,27.6,37,946.77,9.79
Namibia,Air,100,77.7,34,947.35,19.23
Mozambique,Truck,60,1.4,485,947.52,1.46
Haiti,Air,60,2.92,20,950.05,1.57
Uganda,Air,60,1.9,33,951.75,0.87
Angola,Truck,20,32,54,952.04,7.68
Zambia,Truck,30,2,700,954.13,38.4
Vietnam,Air,120,82.2,209,954.38,225.56
Mozambique,Air,60,1.46,47,955.36,2.31
Rwanda,Air,60,33.85,16,957.88,7.24
Vietnam,Air,30,23.26,16,958.85,5.38
Vietnam,Air,120,60.82,439,958.85,138.13
Guyana,Air,100,71.99,49,959.46,24.53
Rwanda,Truck,60,4.5,71,961.06,6.56
Ethiopia,Air,60,17.14,400,961.46,147.82
Ethiopia,Air,60,2.44,77,961.46,0.36
Namibia,Air,25,75,3,963.34,0.44
Uganda,Air,30,11,1,966.37,0.19
Uganda,Air,120,103.57,18,968.25,16.75
Mozambique,Air,60,2.9,23,968.55,2.76
Haiti,Air,30,16.5,1,969.55,0.07
Haiti,Air,30,20,4,970.79,1.35
Haiti,Air,30,20,19,971.7,5.94
Haiti,Air,60,9.04,37,971.8,5.85
"Congo, DRC",Air,240,6.83,139,973.2,1.13
Guyana,Air,60,6.6,21,973.48,1.55
Haiti,Air,60,6.77,124,976.44,8.47
Sudan,Air,100,89,11,978.41,3.23
Uganda,Air,60,7.9,3,978.92,0.77
Mozambique,Air,30,7.58,77,979.14,6.23
Sudan,Air,100,8,2,980.7,0.03
Sudan,Air,100,8,2,980.7,0.01
Haiti,Air,60,7.71,46,984.39,3.89
Ghana,Air,30,6.42,2169,985,410.58
Rwanda,Air,60,5.94,65,985.26,3.05
Uganda,Air,336,38.36,116,985.78,3.31
Uganda,Air,60,26.09,3,986.79,2.35
Haiti,Air,180,16.96,28,988.24,3.26
Uganda,Air,120,36,90,989,7.93
Vietnam,Air,30,2.02,71,990.04,3.51
Uganda,Air,60,26.09,40,990.07,19.64
Haiti,Air,60,15.5,77,991.49,2.43
Rwanda,Air,60,3.75,98,993.2,8.47
Burundi,Air,60,8.11,155,994.25,8.8
Uganda,Air,120,36.16,33,995.22,7.8
Haiti,Air,90,16,26,997.46,5.38
Uganda,Air,60,5.85,21,1000.05,2.52
Guyana,Air,60,7.71,47,1000.51,12.24
Uganda,Air,120,90,16,1000.94,19.76
Mozambique,Air,1,5,41,1001.02,1.51
Dominican Republic,Air,30,13,68,1001.12,28.03
Mozambique,Air,100,77.7,28,1001.47,7.82
Uganda,Air,60,11.8,10,1002.2,2.04
Tanzania,Air,20,32,0,1002.35,0.12
Guyana,Air,60,2.33,33,1002.59,2.68
Uganda,Air,30,13.49,805,1003.18,137.08
Cameroon,Air,100,111.58,46,1003.18,4.14
Namibia,Air,20,32,22,1003.52,4.26
Vietnam,Air,30,2.24,25,1003.65,1.37
Zimbabwe,Truck,90,9.3,68,1004.86,11.5
Haiti,Air,60,8.76,4176,1005.2,656.67
C?te dIvoire,Air,30,3.78,259,1008.9,15.43
Vietnam,Air,60,6.49,415,1009.6,38.92
Haiti,Air,100,97.68,8,1011.6,5.32
Nigeria,Air,60,8.76,27,1012.18,4.53
Nigeria,Air,60,8.76,148,1012.18,30
Mozambique,Truck,60,7.2,3918,1012.43,1440.12
Mozambique,Truck,60,7.2,7910,1012.43,1440.1
Angola,Truck,100,80,49,1012.59,19.2
Tanzania,Air,60,26.09,45,1013.19,23.96
Uganda,Air,60,6.85,55,1013.7,2.86
Zimbabwe,Air,1,3.25,369,1014.5,38.6
Haiti,Air,90,16,14,1015.24,2.69
Vietnam,Air,300,60.82,275,1015.98,25.58
Uganda,Air,30,4.6,76,1017.15,9.42
Nigeria,Air,60,2.9,65,1020.98,6.03
Uganda,Air,30,2,8,1021.34,0.42
Uganda,Air,30,20,12,1025.37,3.27
Uganda,Air,120,36.16,36,1025.69,8.5
Uganda,Air,30,2,9,1026.15,0.62
Rwanda,Air,60,8.04,66,1026.4,5.02
Zambia,Truck,90,7.3,684,1026.49,90.3
Rwanda,Air,60,40.62,282,1028.1,45.1
Botswana,Air,100,71.99,46,1028.18,23.04
Vietnam,Air,60,2.33,425,1032.12,20.95
Mozambique,Air,20,32,54,1032.57,5.98
Uganda,Truck,30,4.7,142,1034.64,8.02
Botswana,Air,100,71.99,25,1038.39,11.52
Uganda,Air,60,5.94,82,1042.36,4.42
C?te dIvoire,Air,60,15.5,395,1042.58,57.93
C?te dIvoire,Air,60,15.5,54,1042.58,8.69
Uganda,Air,30,13,4,1045.04,1.68
Mozambique,Air,30,20,62,1045.5,16.45
Rwanda,Air,60,6.85,43,1046.02,1.24
Mozambique,Air,60,1.49,31,1047.04,1.37
Tanzania,Truck,30,19.92,4560,1047.17,1325.8
Tanzania,Truck,30,19.92,396,1047.17,112.67
Guyana,Air,60,7.71,28,1047.24,7.39
Burundi,Air,60,8.29,111,1047.34,9.84
Guyana,Air,100,71.99,49,1047.39,30.05
Rwanda,Air,270,125.94,11,1049.3,10.86
Uganda,Air,30,22.5,22,1051.5,5.36
Guyana,Air,60,2.33,25,1052.04,1.98
Uganda,Air,60,7.71,6,1053.86,1.59
Mozambique,Air,60,6.85,87,1053.88,5.22
Uganda,Air,60,3.4,106,1054.52,5.77
Nigeria,Air,120,41.1,27,1058,6.18
Mali,Air,36,125,24,1059.59,8.35
Uganda,Air,60,6.85,62,1060.22,4.12
Rwanda,Air,60,19.33,62,1060.35,16.18
Botswana,Air,20,32,56,1060.43,8.66
Uganda,Air,120,66.6,94,1061,23.73
Rwanda,Air,60,1.95,268,1061.37,3.9
Zambia,Truck,60,8.15,76,1062.5,20.67
Haiti,Air,30,2.24,33,1062.95,2.76
Cameroon,Air,60,6.59,23,1067.02,0.48
Vietnam,Air,60,11.09,128,1069.31,13.68
Vietnam,Air,60,8.1,974,1069.31,58.29
Uganda,Air,120,100.16,30,1072.35,34.77
Uganda,Air,60,3.4,17,1073.46,1.03
Mozambique,Air,60,1.49,62,1074.8,3.04
Mozambique,Air,60,3.4,168,1074.95,16.32
Haiti,Air,60,9.04,44,1075.54,5.85
Guyana,Air,240,1.85,83,1075.62,0.6
Sudan,Air,100,8,2,1076.15,0.04
Sudan,Air,100,8,2,1076.15,0.05
C?te dIvoire,Truck,30,13.15,121,1076.5,15.33
Mozambique,Truck,60,2.33,79,1078.61,5.61
Vietnam,Air,240,1.85,173,1079.39,0.31
Haiti,Air,60,7,43,1082.89,1.85
C?te dIvoire,Air,60,2.73,409,1083.3,23.11
C?te dIvoire,Air,30,23,117,1083.3,57.52
C?te dIvoire,Air,60,2.73,394,1083.3,24.42
Guyana,Air,100,72,64,1083.36,30.06
Dominican Republic,Air,20,32,134,1083.85,16.35
Uganda,Air,120,36.16,36,1084.27,7.8
Vietnam,Air,120,82.2,188,1088.79,122.45
Mozambique,Air,20,32,88,1088.93,9.41
Botswana,Air,100,350,24,1091.64,5.6
Uganda,Truck,60,2.51,190,1095.22,11.48
Uganda,Air,60,2.9,26,1096.71,2.84
Guyana,Air,300,60.82,52,1097.08,1.79
Guyana,Air,100,72,60,1097.78,49.53
Swaziland,Air,20,32,59,1099.39,7.18
Zimbabwe,Truck,30,13.96,18,1100,5.28
Zambia,Air,120,36.91,2294,1100.2,795.78
Namibia,Air,25,75,122,1100.4,24
South Sudan,Air,20,32,14,1101.91,1.74
C?te dIvoire,Truck,240,1.95,1663,1102.3,14.31
Nigeria,Air,60,3.9,58,1102.98,4.89
C?te dIvoire,Air,20,27,79,1104.69,15.29
Uganda,Air,60,5.94,116,1105.6,6.11
Zimbabwe,Truck,60,9.5,90,1106,23.71
Tanzania,Air,60,9.5,634,1108.08,102.17
Haiti,Air,60,1.38,16,1109,0.61
Rwanda,Air,30,4.82,49,1110.19,4.87
Nigeria,Air,30,26.25,58,1110.5,26.92
Tanzania,Air,20,32,55,1112.11,5.53
Uganda,Air,60,7.53,11,1112.31,2.83
C?te dIvoire,Air,30,4.82,99,1113,12.04
Vietnam,Air,60,2.25,594,1113.01,16.7
Uganda,Air,60,55.5,92,1114,53.14
Sudan,Air,20,32,17,1117.79,3.45
Guyana,Air,60,1.99,9,1118.22,0.34
Haiti,Air,30,20,30,1119.09,9.5
Botswana,Air,100,350,48,1119.99,13.72
Ethiopia,Air,30,13,201,1120.57,84.08
Tanzania,Air,60,26.09,112,1122.07,59.91
Zambia,Air,25,20,100,1122.24,12.5
Uganda,Air,60,8.76,67,1122.87,11.76
Nigeria,Air,60,6.85,68,1123.14,5.06
Rwanda,Air,20,32,55,1126.84,7.94
Rwanda,Air,30,22.42,46,1127.95,24.56
Haiti,Air,60,15,38,1128.54,4.46
C?te dIvoire,Air,20,29,50,1128.74,7.99
Ethiopia,Air,30,13,236,1131.48,72.87
C?te dIvoire,Truck,30,22.5,122,1131.63,46.78
C?te dIvoire,Air,60,8.76,19,1133,3.67
Sudan,Air,100,89,60,1133.17,18.94
C?te dIvoire,Air,60,9.5,833,1134.5,86.95
Malawi,Air,20,32,32,1136.31,3.72
Benin,Air,25,20,70,1136.37,7.42
C?te dIvoire,Truck,60,3.75,166,1137.18,14.84
Mozambique,Truck,60,11.23,1026,1138.29,125.46
Mozambique,Air,270,80.6,85,1139.5,26.54
Uganda,Air,30,6.85,18,1140.08,2.69
Haiti,Air,60,54,120,1140.71,33.31
Rwanda,Truck,90,9.3,132,1142,19.32
Vietnam,Air,60,2.25,91,1143.04,6.2
Tanzania,Truck,120,41.1,587,1146.27,169.66
C?te dIvoire,Air,18,308.17,13,1148,4.44
Mali,Air,36,85,23,1148.65,5.07
Mozambique,Truck,60,2.33,109,1148.65,8.72
Guyana,Air,60,6.41,77,1149.07,10.31
Mozambique,Air,120,41.1,870,1149.57,263.04
Nigeria,Air,60,9.35,82,1151.48,14.97
Uganda,Air,60,7.53,41,1152.14,10.98
Uganda,Air,120,41.1,23,1152.63,8.06
Guyana,Air,300,60.82,52,1152.9,1.5
Namibia,Air,25,75,9,1153.43,2.94
Tanzania,Air,120,41.1,587,1153.97,169.66
Uganda,Air,60,9.5,237,1154.5,31.68
Uganda,Air,30,12.42,151,1157.58,34.12
Zambia,Truck,30,4.7,1046,1157.78,55.74
Tanzania,Air,20,32,39,1158.73,4.24
Rwanda,Air,180,50,24,1161,8.96
Nigeria,Air,90,16,38,1161.13,10.24
Vietnam,Air,30,6.5,383,1162.52,44.95
Tanzania,Truck,60,11.23,230,1163.2,34.3
C?te dIvoire,Air,180,50,257,1167.97,109.42
Tanzania,Truck,30,17,70,1169.9,29.42
Rwanda,Air,60,16.25,2586,1170.2,914.41
South Sudan,Air,20,32,24,1170.36,2.06
Rwanda,Truck,30,4.04,44,1171.2,2.97
Botswana,Air,100,350,48,1172.11,13.72
Uganda,Air,60,7,23,1173.1,3.29
Nigeria,Air,336,38.36,154,1176.03,4.14
Tanzania,Air,100,80,39,1176.54,8.22
Uganda,Air,30,26.25,28,1180.71,13.38
Haiti,Air,60,2.49,30,1180.73,1.18
Nigeria,Air,60,3.9,71,1181.41,6.05
"Congo, DRC",Air,60,8.26,147,1182.25,17.37
Guyana,Air,100,100,41,1182.5,12.62
Burundi,Air,60,13.15,36,1188.75,6.45
Tanzania,Air,30,12.01,379,1188.97,96.08
Uganda,Air,120,90,18,1190.02,21.17
C?te dIvoire,Air,30,11,649,1191.02,19.05
South Sudan,Air,30,1.25,34,1191.93,0.97
Vietnam,Air,60,2.25,657,1192.25,15.27
Sudan,Air,1,0.9,2,1193.15,0.02
Mali,Air,100,350,11,1195.24,1.44
South Sudan,Air,60,4.15,37,1198.68,2.82
Zimbabwe,Truck,90,9.3,17,1200,3.06
Sudan,Air,100,8,2,1201.72,0.33
Uganda,Air,30,1.25,53,1203.4,1.49
Zambia,Air,25,20,94,1205.43,11.76
Guyana,Air,100,90,87,1205.7,48.69
Ethiopia,Air,30,13,111,1206.62,34.86
Sudan,Air,100,12,3,1209.56,0.65
C?te dIvoire,Air,60,3.8,56,1211.48,7.89
C?te dIvoire,Air,60,1.46,82,1211.48,3.61
C?te dIvoire,Air,60,2.9,138,1211.48,8.17
C?te dIvoire,Air,100,5,3189,1211.48,23.05
C?te dIvoire,Air,60,15.5,378,1211.48,55.69
C?te dIvoire,Air,60,21.42,257,1211.48,108.74
C?te dIvoire,Air,60,2.44,88,1211.48,8.77
C?te dIvoire,Air,240,1.92,1655,1211.48,16.8
C?te dIvoire,Air,30,2.24,200,1211.48,15.12
C?te dIvoire,Air,60,7.53,546,1211.48,124.42
C?te dIvoire,Air,240,1.9,688,1211.48,7.45
C?te dIvoire,Air,30,8.53,54,1211.49,15.88
C?te dIvoire,Air,60,3.5,49,1211.49,6.45
C?te dIvoire,Air,100,5,22,1211.49,2.78
C?te dIvoire,Air,30,5.78,742,1211.49,98.11
Mozambique,Air,84,9.59,185,1214.2,9.67
Rwanda,Air,20,32,83,1215.46,12.67
Mozambique,Air,60,1.55,42,1217.37,1.91
Ethiopia,Air,20,31,204,1219.85,27.88
Botswana,Truck,100,71.99,1693,1220.73,23.04
South Africa,Ocean,240,2.12,6196,1220.84,64.29
Haiti,Air,60,5.38,37,1221.01,1.36
Guyana,Air,60,7.72,89,1221.83,5.59
Vietnam,Air,240,1.85,437,1222.31,1.06
Cameroon,Air,100,350,48,1222.56,11.55
Zimbabwe,Truck,90,9.71,103,1224.02,16.98
Botswana,Air,20,32,3,1225.17,0.26
Botswana,Air,20,32,166,1225.17,25.6
C?te dIvoire,Air,100,0.01,61,1225.42,0
Vietnam,Air,30,3.25,622,1226.11,29.13
Ethiopia,Air,60,7.21,196,1229.52,77.72
Tanzania,Truck,90,9.3,8,1231.6,1.55
C?te dIvoire,Air,240,1.92,581,1234.9,5.82
C?te dIvoire,Air,30,11.75,47,1234.91,13.27
Mozambique,Truck,30,8.53,163,1236.13,50.83
Vietnam,Air,30,2.24,436,1238.16,9.42
Uganda,Air,120,36.16,47,1238.94,12.47
Uganda,Ocean,30,2,71,1240,4.57
Mozambique,Air,270,94.43,86,1242.33,31.09
Cameroon,Air,100,72.15,22,1243.98,12.14
Uganda,Air,30,15,122,1249.78,36.11
Kenya,Truck,25,20,6074,1250,783.96
Kenya,Truck,25,20,6067,1250,640
Uganda,Air,60,6.85,85,1253.45,4.97
Rwanda,Air,144,36.69,27,1253.71,11.71
Uganda,Air,20,32,85,1253.98,4.35
Dominican Republic,Air,30,7,111,1254.61,30.18
Guyana,Air,60,6.81,46,1255.62,8.13
Sudan,Air,100,89,33,1255.77,10.28
Haiti,Air,300,30.82,61,1257.16,1.27
Haiti,Air,60,5.94,76,1259.05,4.5
Nigeria,Air,90,16,48,1260.1,10.24
Tanzania,Air,60,7.71,75,1262.36,5.15
Nigeria,Air Charter,60,5.5,507,1263,42.55
Tanzania,Air,60,6.37,68,1264.16,3.63
Nigeria,Air,60,3.9,85,1266.05,8.81
Tanzania,Air,100,80,98,1266.39,38.66
Haiti,Air,30,4,19,1274.35,0.24
Rwanda,Air,30,2.24,46,1274.98,2.59
Rwanda,Air,30,3.75,55,1276.53,3.53
Uganda,Air,60,9.45,239,1277.22,20.41
C?te dIvoire,Air,18,308.17,39,1278,5.92
Cameroon,Air,100,72.15,18,1278.12,11.9
Nigeria,Air,60,2.9,153,1280.91,9.74
Uganda,Air,60,13.5,156,1282.6,30.24
Rwanda,Air,60,2,14,1284.7,0.77
C?te dIvoire,Air,200,1.4,77,1286,2.2
Haiti,Air,60,5.94,76,1286.68,4.5
Namibia,Air,25,75,140,1286.7,27.48
Mozambique,Air,300,41.1,52,1287.77,3.22
Burundi,Air,120,19.36,58,1289.48,5.47
C?te dIvoire,Air,200,1.4,115,1297.57,3.29
Zambia,Truck,60,5.58,320,1300,36.43
C?te dIvoire,Air,240,1.92,170,1301,1.46
C?te dIvoire,Air,240,1.92,170,1301,1.46
Rwanda,Air,30,3.55,12,1301.94,0.84
Guyana,Air,90,9.3,395,1303,0.82
Uganda,Air,50,1242.53,68,1305.28,57.48
Tanzania,Air,60,26.09,103,1308.4,48.86
Rwanda,Air,30,2.24,30,1309.03,1.85
Sudan,Air,20,32,53,1310.92,11.04
Uganda,Air,60,11.22,12,1311,1.3
Tanzania,Air,30,18.34,1478,1312.2,666.59
Haiti,Air,60,7,173,1312.75,24.14
C?te dIvoire,Air,30,50.4,269,1315.14,217.32
Haiti,Air,30,1.56,41,1317.01,0.64
Mozambique,Air,60,3.9,190,1317.4,21.11
Ghana,Air,60,5.94,63,1317.82,2.74
Ethiopia,Air,60,3.4,120,1318,6.83
Uganda,Truck,30,4.63,1467,1319.21,68.63
Uganda,Air,50,1250,43,1324.43,47.93
Rwanda,Air,20,32,78,1324.61,12.8
Zambia,Truck,60,6.6,1413,1325.68,99.42
Uganda,Truck,60,3.73,297,1326,19.17
Ethiopia,Air,60,2.44,235,1326.89,25.74
Burundi,Air,1,24.5,21,1327.6,0.79
C?te dIvoire,Air,240,15,125,1328.03,10.35
Vietnam,Air,60,1.8,606,1328.13,11.86
Haiti,Air,100,67,60,1328.2,36.98
Uganda,Air,30,18,132,1329.99,21.19
Rwanda,Truck,60,1.99,152,1330.99,3.61
Vietnam,Air,60,8.1,422,1332.29,28.6
Nigeria,Air,120,41.1,69,1332.43,5.88
Uganda,Truck,60,2.15,474,1332.7,8.84
Uganda,Air,120,90,37,1333.01,25.99
Mali,Air,25,95,40,1333.4,11.59
"Congo, DRC",Air,240,1.99,71,1334.92,0.02
Zambia,Truck,30,4.63,1406,1335.02,66.9
C?te dIvoire,Air,30,4.04,285,1335.15,23.19
C?te dIvoire,Truck,30,13.52,55,1335.15,10.22
Vietnam,Air,60,2.25,730,1338.19,17.12
Vietnam,Air,240,12.5,546,1340.23,3.5
Uganda,Air,30,11,152,1340.96,37.67
Haiti,Air,60,5,50,1342.44,2.98
Dominican Republic,Air,60,4.15,78,1342.44,5.91
Zimbabwe,Air,60,3.5,60,1344.94,3.35
Zimbabwe,Air,60,0,60,1344.94,0
Haiti,Air,300,30.82,38,1347,0.38
Haiti,Air,60,2.44,126,1350.33,11.02
Tanzania,Air,20,32,82,1353.35,8.29
Haiti,Air,60,8.15,111,1355.06,25.1
C?te dIvoire,Air,90,9.71,3,1355.31,0.42
Uganda,Air,120,41.1,50,1359.4,17.72
Swaziland,Air,100,80,60,1360.14,14.58
Zimbabwe,Truck,240,12.5,298,1360.32,16.66
Uganda,Air,120,36.16,126,1360.34,34.02
Ethiopia,Air,60,2.9,250,1366.22,27.89
Rwanda,Air,30,5.5,69,1366.67,8.14
"Congo, DRC",Air,20,32,62,1367.59,6.15
Mozambique,Air,50,1242.53,111,1368.78,102.19
Rwanda,Air,60,2.15,29,1372.38,1.35
Haiti,Air,100,139,100,1372.85,26.91
Uganda,Air,60,8.76,14,1375.36,61.36
Dominican Republic,Air,20,32,123,1375.8,16.31
Vietnam,Air,60,8.1,695,1377.02,49.9
Mozambique,Air,60,3.2,205,1380.45,12.34
Uganda,Air,120,41.1,19,1381.64,6.44
Uganda,Air,30,12.42,196,1381.7,40.94
Tanzania,Truck,30,4.04,126,1382,11.21
Tanzania,Air,120,41.1,255,1388,75.95
C?te dIvoire,Air,60,70,219,1392,111.44
Uganda,Air,60,6.85,103,1393.29,4.08
Rwanda,Air,60,2.59,277,1393.42,22.84
Tanzania,Air,60,5.94,84,1396.04,5.62
Rwanda,Air,120,34.3,2386,1398,564.54
Guyana,Air,100,71.99,69,1398.6,34.56
C?te dIvoire,Air,60,2.15,141,1400,3.94
Uganda,Air,120,36.16,127,1400.91,37.42
Ethiopia,Air,30,6.57,9,1401.76,15.9
South Sudan,Air,100,89,39,1405.56,9.91
Cameroon,Air,100,350,75,1406.75,12.99
C?te dIvoire,Air,30,11.72,182,1409.26,55.36
Rwanda,Air,30,1.9,45,1411.52,1.8
South Sudan,Air,20,32,40,1412.9,4.95
Uganda,Air,60,5.73,144,1413.56,14.74
Ethiopia,Air,20,32.5,112,1414.69,13.77
C?te dIvoire,Air,180,16.96,605,1416.03,57.42
Zimbabwe,Truck,60,3.95,1119,1417.12,81.2
"Congo, DRC",Air,60,7.02,65,1418.01,0.96
Ethiopia,Air,60,16.44,342,1419.84,106.33
"Congo, DRC",Air,300,30.82,113,1421.86,2.29
Haiti,Air,120,41.1,52,1422.32,15.78
C?te dIvoire,Truck,30,13.49,213,1422.54,33.28
Haiti,Air,100,139,92,1425.77,27.8
Tanzania,Air,20,32,101,1428.13,11.05
Dominican Republic,Air,1,0,46,1428.23,0
Haiti,Air,60,25.45,47,1432.88,22.45
C?te dIvoire,Air,180,50,518,1434.5,215.6
South Sudan,Air,100,89,39,1434.98,9.91
C?te dIvoire,Air,20,27,205,1437.4,18.52
Ethiopia,Air,1,24.5,1,1437.62,6.01
South Sudan,Air,20,32,41,1441.21,4.95
Ethiopia,Air,20,32,165,1442.44,17.76
Haiti,Air,60,4.6,118,1442.83,16.23
Guyana,Air,100,71.99,55,1442.92,27.64
Haiti,Air,30,2.24,96,1448.55,5.45
Vietnam,Air,60,2.33,544,1454.64,28.05
Guyana,Air,300,82.2,99,1454.81,6.92
Burundi,Air,120,21,105,1456.4,10.18
Vietnam,Air,60,1.77,301,1457.92,14.22
Uganda,Air,30,13,46,1458.88,10.89
C?te dIvoire,Air,60,6.85,99,1462.71,7.3
Tanzania,Truck,60,2.15,2346,1462.81,75.97
Vietnam,Air,60,8.1,866,1464.24,62.5
Guyana,Air,60,7.9,49,1465.71,6.44
Vietnam,Air,120,60.82,499,1467.82,125.05
Malawi,Air,100,80,30,1470.09,7.4
Haiti,Air,30,8.5,16,1471.46,3
Ethiopia,Air,1,24.5,125,1472.03,6.01
Ghana,Air,60,5.94,88,1472.41,4.1
Libya,Air,30,5.5,231,1474.9,21.71
Vietnam,Air,120,60.82,1073,1475.94,275.1
Vietnam,Air,30,23.26,22,1475.95,4.78
Uganda,Air,60,7.4,199,1476.8,31.97
Vietnam,Air,60,6.49,498,1477.34,38.03
C?te dIvoire,Truck,30,13.52,162,1478.34,29.92
C?te dIvoire,Truck,30,4.04,167,1478.35,13.27
C?te dIvoire,Truck,30,4.04,188,1478.35,14.99
"Congo, DRC",Air,100,80,225,1482.7,81.32
Mozambique,Truck,60,2.49,1307,1482.7,68.34
Uganda,Air,30,10,44,1483.39,3.92
Namibia,Air,60,1.9,251,1484.75,7.45
Uganda,Air,300,30.82,120,1487.76,2.38
Uganda,Air,60,8.04,424,1488.99,40.22
Uganda,Air,60,8.04,237,1488.99,22.1
Uganda,Air,60,8.04,166,1488.99,14.76
Tanzania,Air,100,80,14,1489.33,3.96
Ethiopia,Air,60,2.44,212,1489.4,20.25
Zimbabwe,Truck,60,3.95,1153,1489.8,113.08
Uganda,Truck,30,4.12,70,1494.6,6.64
Namibia,Air,25,75,260,1496.76,32.52
Haiti,Air,60,1.8,99,1497.53,2.66
Namibia,Air,100,70,115,1498.16,75.46
Zimbabwe,Truck,60,3.75,73,1500,3.9
Burundi,Air,60,12.96,123,1501.4,2.89
South Sudan,Air,20,32,82,1504.59,10.77
Tanzania,Truck,60,4,24,1506.5,2.86
C?te dIvoire,Air,30,7.58,96,1510.05,9.35
Rwanda,Air,60,27.5,113,1511.25,48.36
Rwanda,Air,60,3.75,100,1511.4,8.77
C?te dIvoire,Air,60,7.4,408,1514.68,45.55
Vietnam,Air,60,7,60,1516.05,3.84
Vietnam,Air,60,7,52,1516.05,3.29
Zimbabwe,Truck,60,3.95,952,1521.08,93.39
Haiti,Air,100,350,60,1521.11,14
Mozambique,Truck,60,3.2,677,1522.92,61.64
"Congo, DRC",Air,30,6.08,70,1524.5,0.17
Uganda,Air,30,5.13,563,1524.56,22.12
Burundi,Air,30,4.7,160,1527.29,11.16
Nigeria,Air,540,35,86,1528.06,1.4
Burundi,Air,240,1.45,201,1530.81,0.98
Zambia,Air,30,26.25,281,1532.41,141.12
C?te dIvoire,Truck,30,0,80,1532.73,0
Uganda,Air,60,8.76,202,1534.1,41.55
"Congo, DRC",Air,240,1.95,81,1535.56,0.51
Sudan,Air,25,20,75,1539.55,1.03
Namibia,Air,25,75,43,1542.15,8.4
Tanzania,Air,100,139,3093,1547,93.85
Nigeria,Air,60,3.2,24,1547.94,1.56
Uganda,Truck,60,8.76,67,1549.83,7.18
C?te dIvoire,Air,20,27,84,1550.95,15.29
Zimbabwe,Truck,90,9.3,58,1551,7.83
Burundi,Air,240,1.95,210,1551.32,1.36
Tanzania,Air,30,6.57,259,1553.64,46.39
"Congo, DRC",Air,60,7.02,125,1554.64,1.84
Kenya,Air,100,80,32,1555.21,15.68
C?te dIvoire,Truck,60,2.23,75,1556.99,4.69
Vietnam,Air,120,60.82,484,1565.1,148.14
Mozambique,Air,20,32,1482,1566.19,230.4
Nigeria,Air,60,7,35,1567.51,0.69
Uganda,Air,120,66.6,68,1571.76,31.97
Haiti,Air,60,5,66,1572.92,4.58
C?te dIvoire,Truck,30,11,61,1572.97,11.8
"Congo, DRC",Air,300,30.82,56,1573.41,1.14
"Congo, DRC",Air,300,30.82,52,1573.41,0.76
"Congo, DRC",Air,300,30.82,38,1573.41,0.38
"Congo, DRC",Air,300,30.82,103,1573.41,2.29
C?te dIvoire,Air,30,2.24,259,1574,16.18
C?te dIvoire,Air,60,6.85,97,1575.13,6.44
Haiti,Air,240,14.64,54,1576.32,2.75
Uganda,Truck,60,2.9,507,1576.8,29.47
Haiti,Air,30,18,132,1579.89,18.5
Ethiopia,Air,1,24.5,128,1584.09,6.01
Uganda,Truck,60,3.6,382,1587.3,23.63
Vietnam,Air,60,7.65,675,1587.92,83.23
Mozambique,Truck,30,9.72,1404,1588.05,160.75
Mozambique,Truck,60,3.9,1292,1588.05,133.77
Mozambique,Truck,60,8.76,979,1588.06,159.47
"Congo, DRC",Air,20,32,64,1592.72,7.32
Zimbabwe,Truck,60,8.15,182,1593.48,41.47
Vietnam,Air,30,3.5,953,1593.67,10.07
Vietnam,Air,60,1.8,1030,1593.67,19.91
Sudan,Air,20,32,50,1595.38,6.97
Nigeria,Air,120,36.16,130,1599.22,35.44
Vietnam,Air,60,6.49,696,1599.67,53.37
Zimbabwe,Truck,30,13.96,52,1600,15.85
Rwanda,Air,60,20,102,1600.98,21.47
Uganda,Truck,60,2.9,157,1601.5,10
C?te dIvoire,Air,120,41.1,88,1603.44,26.5
Haiti,Air,30,18,133,1604.56,18.5
Rwanda,Air,20,32,28,1604.96,4.71
Guyana,Air,120,82.2,34,1608.7,19.73
Haiti,Air,30,2.24,83,1608.72,6.35
Uganda,Air,60,3.89,128,1611.43,9.11
Sudan,Air,100,89,53,1614.83,16.89
Haiti,Air,30,2.24,106,1615.07,5.54
Vietnam,Air,60,1.45,202,1615.88,8.59
Nigeria,Air,30,2.24,118,1616.04,0.36
Uganda,Air,60,12.96,220,1616.45,37.56
Uganda,Truck,60,8,108,1618.01,14.79
Rwanda,Air,60,13.15,67,1618.12,11.6
Malawi,Air,100,80,60,1619.3,15.24
C?te dIvoire,Truck,30,4.04,97,1620.19,8.22
Nigeria,Air,60,1.52,178,1621,3.65
Burundi,Air,120,20.04,53,1621.53,4.12
Botswana,Air,20,32,155,1625.08,23.04
Swaziland,Air,100,80,69,1626.1,15.14
Sudan,Air,20,32,71,1626.67,10.93
Ethiopia,Air,30,17,317,1628.18,119.52
Nigeria,Air,100,79.99,64,1629,36.48
Sudan,Air,25,20,139,1629.85,0.69
Burundi,Air,30,6.07,240,1634.38,19.24
Uganda,Air,60,13.5,197,1637,35.64
Haiti,Air,60,5.94,128,1637.86,6.88
Namibia,Air,20,32,249,1640.99,18.66
South Sudan,Truck,60,2.26,81,1641,0.63
C?te dIvoire,Air,100,71.99,200,1642,68.53
Zimbabwe,Truck,100,80,343,1645.12,192
Vietnam,Air,60,1.84,568,1646.5,35.01
Tanzania,Air,60,7.72,617,1647,38.15
Tanzania,Truck,60,2.58,4145,1647,203.45
Tanzania,Air,30,7.3,269,1647.25,47.22
Tanzania,Air,60,16.44,2344,1647.25,827.28
Zimbabwe,Truck,30,12.01,342,1648.64,76.86
Uganda,Air,100,8,74,1649.91,0.99
Haiti,Air,60,3.4,100,1651,5.75
South Sudan,Air,60,1.99,23,1651,0.27
Nigeria,Air,30,12.01,236,1651.16,19.81
Mozambique,Truck,30,4.59,1504,1653.9,75.52
C?te dIvoire,Air,60,1.4,176,1653.99,4.78
Haiti,Air,90,9.3,163,1659.21,23.33
Zambia,Air,60,8.15,132,1659.48,36.84
C?te dIvoire,Air,180,16.96,805,1659.71,100.08
C?te dIvoire,Air,30,26.25,186,1660.07,111.13
Uganda,Truck,30,6.57,126,1661,21.8
Tanzania,Air,20,32,113,1661.01,12.14
Haiti,Air,200,12.59,22,1662.72,1.73
Tanzania,Truck,30,11.89,2117,1663.18,218.19
C?te dIvoire,Air,30,20.5,154780,1664.12,64.57
Vietnam,Air,60,1.77,539,1666.35,25.19
C?te dIvoire,Air,240,1.9,284,1668.76,3.05
Swaziland,Air,100,5,56,1670.06,1.29
Uganda,Air,60,7.12,120,1670.63,22.38
Zimbabwe,Truck,60,9.5,147,1671.84,23.71
C?te dIvoire,Truck,60,3.75,292,1672.7,31.54
Uganda,Air,60,7.4,283,1673,23.12
Rwanda,Air,90,8.64,126,1675,12.03
Rwanda,Air,100,139,130,1676.91,33.36
Uganda,Air,30,2.02,9,1678.53,0.63
"Congo, DRC",Air,30,1.3,30,1678.57,0.32
Botswana,Air,100,350,48,1681.44,13.72
Vietnam,Air,30,3.55,1018,1681.58,58.44
Burundi,Air,30,27.6,145,1682.15,42.64
Namibia,Air,20,32,170,1691.15,34.5
South Sudan,Air,20,32,177,1692.35,0.59
"Congo, DRC",Air,20,32,132,1692.7,17.95
Uganda,Truck,60,11.22,393,1694,73.76
Haiti,Air,60,3.95,140,1694.3,14.78
Tanzania,Truck,60,4.3,466,1696,5.09
Haiti,Air,60,2.33,101,1697.33,10.6
South Africa,Air,60,7.43,124,1697.89,33.61
South Africa,Air,60,7.43,1577,1697.9,470.99
South Africa,Air,60,7.43,458,1697.9,134.02
South Africa,Air,60,7.43,2373,1697.9,707.53
Tanzania,Truck,30,2.24,1090,1698.83,69.23
Tanzania,Truck,240,12.5,821,1698.83,44.88
Tanzania,Truck,30,2.24,1437,1698.83,91.46
Tanzania,Truck,120,33.74,3508,1698.83,948.08
Tanzania,Truck,120,33.6,932,1698.83,203.96
Tanzania,Truck,30,5.5,2612,1698.83,158.27
Tanzania,Truck,60,14.63,1500,1698.83,577.9
Tanzania,Truck,90,8.87,830,1698.83,95.28
C?te dIvoire,Air,60,70,271,1700,206.86
Tanzania,Truck,60,2.91,1608,1700.32,151.52
Vietnam,Air,60,1.4,32,1701.1,2.03
C?te dIvoire,Air,100,4.84,675,1702.91,24.7
C?te dIvoire,Air,60,7.53,51,1702.92,13.5
Guyana,Air,120,37,191,1703.62,55.12
C?te dIvoire,Air,200,1.52,232,1704.79,5.66
Zimbabwe,Truck,30,4.34,539,1709.78,59.81
C?te dIvoire,Air,20,27,68,1711.86,10.8
Sudan,Air,100,89,36,1712.6,11.31
C?te dIvoire,Air,30,11.75,54,1713.01,15.34
Namibia,Air,100,71.99,33,1715.17,16.36
Botswana,Air,100,350,48,1716.47,13.72
Ethiopia,Air,60,8.76,403,1719.65,85.85
Haiti,Air,30,18,138,1719.78,19.47
Guyana,Air,60,7.72,71,1721.53,5.49
C?te dIvoire,Air,30,11,72,1721.91,9.35
Ethiopia,Air,90,16,182,1722,43.32
C?te dIvoire,Air,60,6.85,56,1726.5,2.97
Uganda,Air,30,20,225,1726.75,37.03
Nigeria,Air,30,50.4,493,1727.2,475.78
C?te dIvoire,Air,240,1.92,344,1729,2.96
Rwanda,Air,20,32,115,1729.95,12.14
Namibia,Air,100,71.99,21,1730.41,10.37
"Congo, DRC",Air,1000,24.16,329,1731.89,12.4
Namibia,Air,20,32,79,1736.18,13.8
South Sudan,Air,60,6.76,230,1740.47,38.13
C?te dIvoire,Air,60,9.5,1278,1742.12,122.89
Uganda,Air,30,26.25,145,1742.25,59.99
South Sudan,Air,20,32,71,1743.35,7.9
C?te dIvoire,Air,60,6.85,102,1743.84,6.61
Zimbabwe,Truck,60,8.15,395,1746.3,6.85
Zambia,Air,25,20,157,1754.04,19.6
Uganda,Air,30,26.25,291,1755,155.07
Nigeria,Air,540,45.52,115,1755.87,2.48
Uganda,Air,60,8.76,13,1758.6,30.22
Zambia,Air,90,15.26,133,1759.21,32.69
Uganda,Truck,60,3.89,426,1761.5,18.54
Rwanda,Air,60,2.44,327,1762.5,30.54
Haiti,Air,240,15,98,1763.84,8.06
Uganda,Air,60,8.76,70,1764.84,6.87
Pakistan,Air,20,36,16,1764.93,1.06
"Congo, DRC",Air,60,2.15,25,1765.03,0.33
Zambia,Truck,60,4.09,1228,1765.18,75.79
C?te dIvoire,Air,270,78.64,490,1765.4,122.93
Cameroon,Air,100,350,72,1765.54,14.72
Tanzania,Air,100,80,40,1765.86,11.35
C?te dIvoire,Air,100,4.5,72,1766.56,3.01
C?te dIvoire,Air,30,22.5,117,1766.57,29.62
Vietnam,Air,120,82.19,117,1767.38,65.75
Vietnam,Air,120,82.19,117,1767.38,65.75
Haiti,Air,300,33.7,126,1767.91,5
Sudan,Air,100,89,49,1768.15,15.42
Vietnam,Air,60,2.3,412,1769.68,20.09
Namibia,Air,200,1.34,98,1770.43,2.1
C?te dIvoire,Air,240,12.5,212,1771.26,11.88
Haiti,Air,240,6.83,180,1773.7,3.8
Ethiopia,Air,60,7.9,229,1774.3,77.42
Vietnam,Air,30,23.26,38,1779.09,7.17
Vietnam,Air,120,60.82,1175,1779.1,300.11
Haiti,Air,60,1.9,107,1779.74,1.93
Guyana,Air,240,1.85,103,1783.38,0.87
C?te dIvoire,Truck,120,26.7,123,1783.64,18.83
C?te dIvoire,Air,30,7.58,150,1789.85,15.58
South Africa,Air,60,2.53,3,1791.41,10.93
South Africa,Air,60,2.53,1791,1791.42,181.85
South Africa,Air,60,2.53,1828,1791.42,185.82
South Africa,Air,60,2.53,1823,1791.42,185.31
South Africa,Air,60,2.53,1727,1791.42,174.93
South Africa,Air,60,2.53,912,1791.42,92.72
C?te dIvoire,Air,30,17,333,1793.11,150.88
C?te dIvoire,Air,240,1.95,232,1794.58,2.64
Tanzania,Air,60,22,107,1794.89,37.32
Uganda,Air,30,18,237,1794.89,37.63
C?te dIvoire,Air,100,71.99,57,1796.68,28.8
C?te dIvoire,Truck,60,4.6,122,1799.58,14.79
Mozambique,Truck,60,2.44,18,1799.88,1.79
Mozambique,Truck,60,7.12,4374,1799.88,237.24
Mozambique,Truck,60,7.12,5597,1799.88,1060.6
Mozambique,Truck,60,7.12,120,1799.88,22.38
Zimbabwe,Truck,60,4.6,120,1800,14.79
Haiti,Air,100,139,2,1800.33,0.82
Cameroon,Air,100,350,77,1800.48,10.79
Haiti,Air,100,67,164,1802.14,102.38
Guinea,Air,100,72,32,1804.2,7.76
Tanzania,Air,100,80,73,1806.81,13.82
C?te dIvoire,Air,60,53.71,685,1807.36,488.46
Haiti,Air,100,139,3,1808.19,0.89
Tanzania,Truck,60,11.23,263,1811.6,37.6
Uganda,Air,30,6.42,138,1812.94,25.92
Mozambique,Truck,60,1.99,149,1815.67,6.4
Mozambique,Air,60,7.71,363,1816.73,1.39
Tanzania,Air,300,30.82,116,1818.56,2.94
"Congo, DRC",Air,60,11,308,1824.72,18.14
Uganda,Truck,60,2.33,125,1831.41,9.98
Guyana,Air,300,82.2,225,1831.83,24.99
Rwanda,Air,30,20,2402,1832.54,370.08
Uganda,Air,30,5.5,137,1834.79,12.99
C?te dIvoire,Air,60,15,147,1836.81,23.03
Mali,Air,100,400,12,1840.97,2.8
Vietnam,Air,120,60.82,467,1842.23,163.89
Ethiopia,Air,120,36,950,1842.95,302.7
Ethiopia,Air,30,7.3,88,1842.95,22.66
C?te dIvoire,Air,60,7.78,27,1845.31,3.66
Haiti,Air,60,2.49,37,1845.9,1.03
South Sudan,Air,20,32,132,1847.97,14.61
Zambia,Air,90,16.95,395,1848.37,93.18
Uganda,Air,60,11.35,147,1848.59,25.69
Vietnam,Air,30,3.24,1228,1849.17,57.61
Ethiopia,Air,200,1.4,342,1850.7,6.72
Uganda,Truck,30,5.35,350,1854,51.91
Tanzania,Air,30,8.53,178,1854.35,45.02
C?te dIvoire,Air,60,25.45,687,1854.88,345.68
C?te dIvoire,Air,30,9.72,434,1854.88,95.45
C?te dIvoire,Air Charter,30,9.72,229,1854.88,62.49
Burundi,Air,120,19.71,75,1855.34,5.67
Dominican Republic,Air,30,5.54,85,1857.04,6.58
C?te dIvoire,Air,25,20.5,111,1857.39,7.38
Guyana,Air,100,90,130,1859.79,74.97
Ethiopia,Air,30,4.49,530,1860.69,69.67
Namibia,Air,20,32,41,1862.27,7.53
Uganda,Air,60,3.4,10,1865.86,0.55
Vietnam,Air,60,6.75,957,1869.41,92.62
Tanzania,Air,30,18.34,140,1870.73,63.49
Mozambique,Air,100,72,2526,1871.05,460.8
South Sudan,Air,20,32,164,1871.07,16.95
Nigeria,Air Charter,60,3.6,849,1871.34,50.55
Vietnam,Air,60,1.45,861,1872.53,37
Zambia,Air,60,12.96,1143,1876.35,179.7
South Africa,Air,30,7.82,3243,1881.24,802.95
South Africa,Air,30,7.82,136,1881.24,33.99
Tanzania,Truck,60,11.46,285,1883,39.52
Haiti,Air,30,1.25,156,1887.58,5.07
C?te dIvoire,Air,180,50,345,1888.48,124
Zambia,Air,30,12.42,338,1890.76,86.09
Haiti,Ocean,240,1.51,536,1893.24,2.01
Mozambique,Air,60,2.66,210,1894.2,15.64
Haiti,Air,100,139,105,1894.41,40.87
Haiti,Air,60,1.9,119,1896.49,2.09
Uganda,Air,60,7.53,260,1898.84,69.81
Uganda,Air,20,32,242,1899.22,24.67
C?te dIvoire,Air,30,7.58,46,1899.89,15.46
Zambia,Truck,60,2.95,207,1900,10.64
Uganda,Air,30,12.42,369,1902.9,66.85
Haiti,Air,100,5,187,1903.54,20.58
Uganda,Air,30,10,168,1905.63,43.12
"Congo, DRC",Air,20,36.52,96,1906.7,20.48
Tanzania,Air,20,32,125,1908.34,15.16
Mozambique,Air,100,80,97,1910.93,36.57
Nigeria,Air,60,9.45,199,1917.53,11.49
Guyana,Air,60,8.15,34,1920,7.35
C?te dIvoire,Air,100,4.5,76,1921.02,3.73
Haiti,Ocean,60,6.61,813,1922.5,62.7
C?te dIvoire,Truck,30,13.49,288,1922.75,44.99
Rwanda,Air,60,8.04,167,1923.14,13.16
C?te dIvoire,Air,30,50.4,402,1924.57,355.62
Guyana,Air,100,71.99,100,1928.93,50.91
Mozambique,Truck,60,6.73,1519,1932.67,119.32
Uganda,Truck,60,7.02,224,1933.3,50.94
C?te dIvoire,Truck,30,13.52,248,1933.72,38.3
Vietnam,Air,60,7.08,941,1934.17,100.83
Zambia,Truck,30,12.01,3457,1934.31,864.72
Tanzania,Air,20,32,148,1938.15,23.76
C?te dIvoire,Air,300,41.1,99,1939.99,4.03
"Congo, DRC",Air,20,32,134,1941.34,14.33
Nigeria,Air,60,4.3,218,1941.82,10.78
Mozambique,Air,180,50,227,1943.05,60.37
South Sudan,Air,60,1.9,59,1944.99,1.24
Ethiopia,Air,20,29,238,1945.45,29.85
C?te dIvoire,Air,60,15.5,379,1945.66,0.7
C?te dIvoire,Air,30,26.25,571,1949.41,365.83
C?te dIvoire,Air,30,26.25,275,1949.42,176.58
Rwanda,Air,60,6.85,204,1949.64,10.66
Zimbabwe,Truck,60,8.15,70,1949.84,15.65
Rwanda,Air,60,33,145,1950.74,47.87
Rwanda,Air,300,30.82,100,1952.77,2.72
Haiti,Air,100,139,78,1953.6,29.97
Uganda,Air,30,9.72,76,1954.23,16.52
Zimbabwe,Truck,30,13.49,1828,1955.17,276.15
Haiti,Air,60,3.75,110,1955.22,9.95
Tanzania,Truck,90,9.3,333,1956,58.87
Nigeria,Air,30,11.72,251,1960.81,19.31
South Sudan,Air,30,1.25,165,1960.89,3.26
"Congo, DRC",Air,30,11,54,1961.49,6.22
Sudan,Air,100,89,45,1961.65,17.03
Haiti,Air,60,7,226,1962.1,9.01
C?te dIvoire,Truck,60,3.89,180,1965.57,20.21
Dominican Republic,Air,30,20,170,1965.62,47.06
Zambia,Truck,30,4.63,1667,1966.09,84.73
Nigeria,Air,540,45.52,159,1976.57,2.48
Tanzania,Air,20,32,1,1979.1,12.31
Tanzania,Air,60,7.72,612,1979.75,47.67
Tanzania,Truck,60,2.58,12543,1979.75,611.87
Nigeria,Air,60,3.2,60,1981.1,6.69
Mozambique,Truck,30,13.96,315,1981.6,58.71
C?te dIvoire,Truck,30,4.82,159,1984.83,19.14
Haiti,Air,30,1.25,134,1987.82,2.72
Nigeria,Truck,240,1.92,346,1988.9,3.07
C?te dIvoire,Air,180,16.96,608,1996.68,40.79
Mozambique,Air,60,9.5,1020,1998.5,164.16
Mozambique,Air,60,1.52,36,1998.5,1.53
Zimbabwe,Air,60,3.3,357,2001.46,37.62
Rwanda,Air,30,20,131,2004.44,47.11
Uganda,Air,60,2.16,117,2005.48,6.45
Vietnam,Air,60,5.75,1089,2006.63,2.97
Namibia,Air,100,70,195,2008.54,109.76
Haiti,Air,60,2.1,157,2010.69,8.29
Zambia,Truck,60,7.12,256,2014.86,33.39
Uganda,Truck,30,13.52,490,2016.1,75.09
South Africa,Air,60,2.53,1810,2016.42,183.88
Vietnam,Air,30,11.49,1295,2021.05,163.45
Uganda,Truck,30,5.13,238,2021.53,46.45
Zimbabwe,Air,60,4,102,2021.95,8.59
Sudan,Air,100,80,104,2023.76,60.37
Guyana,Air,120,38.75,34,2027.42,11.7
Uganda,Truck,60,2.58,30,2030,2.27
"Congo, DRC",Air,60,6.76,315,2030.96,53.2
C?te dIvoire,Air,25,20.5,125,2033.62,8.43
Vietnam,Air,60,7,81,2035.66,4.48
Tanzania,Truck,30,4.04,116,2035.84,10.04
"Congo, DRC",Air,240,2,161,2038.97,0.75
Kenya,Air,20,32,129,2039.73,20.33
Vietnam,Air,60,1.84,939,2040.93,57.86
Zimbabwe,Truck,60,6.52,1790,2042.6,153.48
Uganda,Truck,60,3.73,516,2042.9,44.3
Nigeria,Air,240,6.2,272,2047,7.86
Vietnam,Air,30,3.55,975,2048.91,55.74
Ethiopia,Air,30,20,174,2052.97,73.42
Haiti,Air,240,12.5,122,2053.52,6.6
Uganda,Truck,60,1.99,404,2055.25,14.05
C?te dIvoire,Air,30,17,186,2056.98,81.3
Rwanda,Air,240,12.5,214,2057.2,10.16
Guyana,Air,100,90,108,2058.84,45.99
Ghana,Air,60,5.94,110,2060.79,5.7
Kenya,Air,20,32,174,2061.8,27.24
Uganda,Air,30,5.78,216,2064.42,31.15
Uganda,Truck,60,2.33,195,2070.68,7.48
Haiti,Air,60,3.6,231,2076.58,9.6
Uganda,Air,300,30.82,136,2077.87,2.53
Haiti,Air,120,36.16,276,2080.2,102.91
Tanzania,Air,100,80,91,2082.39,21.57
Sudan,Air,100,89,60,2084.49,24.94
South Sudan,Air,1,5,149,2084.52,0.82
South Sudan,Air,60,6.76,83,2089,12.26
Zimbabwe,Truck,60,2.51,487,2091.17,49.1
C?te dIvoire,Air,180,16.96,1489,2093.31,190
C?te dIvoire,Air,30,50.4,928,2093.32,662.84
C?te dIvoire,Air,180,16.96,1014,2093.32,95.12
Tanzania,Air,336,38.36,547,2094,9.64
C?te dIvoire,Air,25,20,136,2094.08,19.6
Tanzania,Truck,30,19.92,83,2094.34,2242.75
Guyana,Air,60,1.5,143,2097.18,0.18
Zimbabwe,Truck,30,2,143,2099,1.72
Mozambique,Truck,84,9.59,387,2107.14,20.84
Rwanda,Air,90,8.26,187,2109.22,17.14
"Congo, DRC",Air,30,6.08,220,2110.2,0.45
Guyana,Air,20,32,149,2115.21,20.68
Rwanda,Truck,90,9.3,173,2124.48,8.3
Vietnam,Air,60,8.38,34,2127.22,8.04
C?te dIvoire,Truck,60,28,312,2128.15,80.47
Haiti,Air,60,7.21,123,2136.1,35.44
Nigeria,Air,60,5.56,209,2136.53,18.35
Zimbabwe,Truck,60,1.9,212,2143.48,15.1
Zimbabwe,Truck,240,13.6,445,2143.48,26.73
Zimbabwe,Truck,60,3.28,357,2143.49,33.02
Ethiopia,Air,30,13,577,2143.5,147.4
Zimbabwe,Truck,30,2,96,2145.17,5.12
South Sudan,Air,20,32,63,2147.11,8.03
Vietnam,Air,60,7.25,128,2147.61,20.46
Vietnam,Air,60,4.15,678,2148.1,61.14
C?te dIvoire,Truck,30,22.5,174,2148.5,56.78
Vietnam,Air,60,8.38,23,2149.05,5.36
Uganda,Air,30,26.25,177,2151.27,19.65
Tanzania,Truck,60,3.75,2356,2151.27,211.93
C?te dIvoire,Truck,60,4,105,2151.95,10.89
Uganda,Air,30,3.64,430,2154,25.2
Uganda,Air,30,3.81,234,2154.1,14.42
South Africa,Air,240,3,3206,2154.51,54.81
South Africa,Air,240,3,4382,2154.52,75.21
Uganda,Air,60,55.5,79,2158.88,53.96
Uganda,Air,30,3.81,244,2159.1,13.06
Tanzania,Air,300,30.82,257,2160.36,10.06
Vietnam,Air,60,1.45,1056,2160.52,48.84
Nigeria,Air,20,29,376,2162.26,62.25
"Congo, DRC",Air,20,32,99,2162.55,13.1
Mozambique,Truck,240,2.02,2157,2166.21,18.75
Guyana,Air,120,82.2,334,2171.57,179.57
C?te dIvoire,Air,100,72,476,2172,132.48
Zambia,Air,120,37.1,4959,2173.4,1759.73
Uganda,Truck,30,3.91,5641,2175.07,362.68
Uganda,Truck,30,5.36,596,2175.07,42.23
Tanzania,Air,60,5.94,209,2177.56,12.96
Haiti,Air,1,24.5,164,2179.49,7.58
Guyana,Air,240,1.85,76,2180,0.54
C?te dIvoire,Truck,30,4,243,2180.32,29.69
Vietnam,Air,60,2.3,875,2181.91,36.81
Vietnam,Air,60,2.25,876,2183.92,10.83
Zimbabwe,Truck,100,0.01,526,2185.82,0.03
Rwanda,Air,30,8.56,26,2187.01,4.63
Mali,Air,100,80,37,2190.78,8.02
Mozambique,Air,270,94.43,202,2191.21,72.55
C?te dIvoire,Air,240,1.83,538,2195.9,5.08
Zambia,Truck,30,12.01,3925,2196.18,1056.88
Uganda,Air,30,10,179,2196.29,42.14
C?te dIvoire,Air,40,110,20,2199.43,3.88
C?te dIvoire,Air,60,1.41,98,2201.14,6.08
Zambia,Truck,30,4.62,1906,2201.74,87.61
Uganda,Air,60,7.2,205,2202.02,21.32
Nigeria,Air,30,26.25,300,2204,141.08
Rwanda,Air,336,38.36,298,2204.08,9.92
Haiti,Air,1,24.5,164,2204.84,7.58
Rwanda,Air,270,159.73,27,2205.25,28.73
C?te dIvoire,Air,120,41.1,465,2206,139.48
Ethiopia,Air,20,32.5,195,2211.04,22.69
Vietnam,Air,60,7,81,2211.05,4.48
Vietnam,Air,60,7,82,2211.05,4.48
Ethiopia,Air,60,7.21,276,2211.22,77.72
Haiti,Ocean,240,1.51,820,2214.69,3.81
Haiti,Air,60,4.15,236,2215.13,21.74
Tanzania,Air,60,5.94,230,2215.81,14.37
Tanzania,Truck,60,25.45,1067,2217.5,344.93
Tanzania,Truck,60,25.45,1630,2217.5,793.12
Zambia,Air,60,7.71,341,2219.27,90.67
Haiti,Air,100,72,6,2219.44,1.15
Vietnam,Air,60,2.25,1304,2220.86,44.34
Haiti,Air,120,37.5,203,2228.92,59.83
Nigeria,Air,60,9.5,447,2230,5.58
South Sudan,Air,20,32,107,2231.97,12.83
Rwanda,Truck,60,3.6,192,2232.42,8.13
Tanzania,Truck,60,25.45,936,2233.61,461.06
Tanzania,Truck,30,17,41,2233.61,17.86
Tanzania,Air,100,80,139,2234.96,27.63
Tanzania,Air,20,32,149,2242.31,23.76
Uganda,Air,30,15,440,2242.71,130.53
Nigeria,Air Charter,60,5.5,1023,2244.2,82.82
Vietnam,Air,60,12.75,56,2246.81,6.5
Haiti,Air,30,1.25,143,2251.42,3.39
Haiti,Ocean,30,4.6,426,2251.94,23.76
C?te dIvoire,Air,30,4.82,123,2252.42,10.13
Mozambique,Truck,120,18.9,4227,2259.81,368.38
Zimbabwe,Air,60,7,95,2265.88,3.22
Uganda,Air,300,30.82,170,2265.89,5.44
Tanzania,Truck,90,7.3,350,2266,59
Guyana,Air,240,2.1,103,2270.54,1.09
Swaziland,Air,100,80,100,2274.64,26.92
Tanzania,Air,30,24,1639,2277,231.11
Tanzania,Air,336,38.36,325,2278.11,12.03
Uganda,Truck,60,11.46,597,2279.5,14.03
C?te dIvoire,Air,60,3,545,2280.64,32.93
Vietnam,Air,30,17,76,2282.57,27.2
Rwanda,Truck,240,8.5,297,2282.79,6.99
C?te dIvoire,Truck,60,1.99,277,2286.63,14.94
Uganda,Air,30,11.75,109,2288.29,38
Uganda,Air,60,8.55,386,2294.85,32.67
C?te dIvoire,Air,60,1.46,156,2298.6,7.65
C?te dIvoire,Air,240,1.9,1224,2298.61,14.48
Uganda,Air,30,19.92,79,2305.65,23.66
Tanzania,Truck,30,5.74,9400,2317.16,10.95
Namibia,Air,30,10,419,2317.2,98
C?te dIvoire,Air,100,77.7,64,2319.8,46.07
"Congo, DRC",Air,60,8.11,116,2322.08,8.17
Angola,Air,240,12.5,173,2322.47,7.42
Ethiopia,Air,30,13,257,2325.62,80.97
Vietnam,Air,300,82.2,340,2326.1,26.3
Zimbabwe,Truck,60,4.25,1456,2326.77,228.53
South Sudan,Air,20,32,165,2329.14,17.81
C?te dIvoire,Air Charter,30,22.5,263,2330.21,73.82
C?te dIvoire,Air Charter,60,30,478,2330.22,131.9
Uganda,Air,60,7.2,250,2331.03,47.61
C?te dIvoire,Truck,30,5.5,372,2333.91,30.84
Vietnam,Air,60,7.25,323,2335.19,51.84
Uganda,Air,30,20,420,2335.73,64.04
Nigeria,Air,20,29,334,2335.9,50.34
C?te dIvoire,Air,60,2.9,714,2336.26,42.06
C?te dIvoire,Air,240,2.1,749,2336.27,8.23
Tanzania,Air,60,5.94,208,2336.46,12.8
Rwanda,Truck,240,1.85,185,2342.16,1.16
Mozambique,Air,60,3.2,376,2342.92,58.39
South Africa,Ocean,90,9.98,2555,2347.77,414.65
Vietnam,Air,60,7.08,1364,2348.57,147.32
Haiti,Ocean,60,3.6,94,2350.55,3.96
Tanzania,Truck,60,6.3,2266,2352.52,194.83
Tanzania,Truck,120,20.07,5065,2352.52,821.41
Tanzania,Truck,60,11.23,2525,2352.53,379.14
Rwanda,Air,30,8.56,516,2355.52,92.61
Zambia,Truck,60,2.33,503,2355.79,60.68
C?te dIvoire,Air,25,20,206,2358.13,25.83
Zimbabwe,Air,60,7,162,2365.05,6.09
Tanzania,Air,30,19.92,483,2367.4,136.83
"Congo, DRC",Air,60,10.29,274,2371.06,28.85
C?te dIvoire,Air,100,71.99,296,2372.8,143.98
Tanzania,Truck,90,7.3,428,2376,61.61
Tanzania,Air,60,6.85,309,2383.65,24.24
Malawi,Air,100,80,109,2384.79,25.73
Nigeria,Air,20,29,482,2386.35,61.54
Zimbabwe,Air,60,7,169,2387.62,6.47
Haiti,Air,30,3.55,42,2391.08,1.4
Zimbabwe,Air,120,24.76,388,2392,48.18
Swaziland,Air,30,6.85,239,2393.34,31.48
Uganda,Air,30,11.75,105,2393.54,32.93
C?te dIvoire,Air,60,2.33,451,2394.27,32.34
C?te dIvoire,Air,60,30,464,2394.27,50.47
South Sudan,Air,20,32,159,2395.42,0.99
Mozambique,Truck,60,8.76,2078,2400.25,42.65
Mozambique,Air,60,7.12,7426,2400.25,1373.14
Mozambique,Truck,60,7.12,9290,2400.26,1744.4
Uganda,Air,60,11.8,215,2408.91,43.78
Zambia,Truck,60,7.53,546,2412.99,147.59
Zambia,Truck,60,2.21,2426,2413.89,88.9
C?te dIvoire,Truck,30,13.52,247,2414.89,56.86
Haiti,Air,120,37.5,183,2418.62,59.83
Haiti,Air,300,30.82,164,2419.33,3.81
Vietnam,Air,60,1.5,83,2426.05,0.96
Nigeria,Air,60,9.35,262,2426.8,50.95
Namibia,Air,30,4.62,352,2429.39,13.82
Vietnam,Air,60,1.75,125,2429.85,3.36
C?te dIvoire,Air,60,3.89,248,2431.36,27.91
C?te dIvoire,Air,30,4.7,669,2431.39,41.45
C?te dIvoire,Truck,60,4.09,365,2436.32,42.05
Uganda,Air,120,41.1,547,2437.63,4.83
C?te dIvoire,Truck,30,3.62,599,2440.19,21.97
Botswana,Air,20,32,500,2442.32,25.6
Botswana,Air,20,32,500,2442.32,25.6
Mali,Air,25,95,87,2445.68,15.04
Nigeria,Air,60,9.45,273,2446.58,28.53
Zambia,Truck,60,7.71,551,2448.71,146.58
Zambia,Truck,30,11,987,2448.71,274.67
Zambia,Truck,60,7.12,2604,2448.71,488.43
Zambia,Air,30,11,1921,2448.71,479.93
Uganda,Air,60,7,133,2450.89,24.15
Mozambique,Truck,240,1.95,3787,2451.86,32.4
Haiti,Air,100,4.84,260,2452.54,12.96
Haiti,Air,90,9.71,194,2452.54,26.38
"Congo, DRC",Air,30,11,95,2453.16,12.44
Tanzania,Air,30,1.56,255,2454.46,6.85
C?te dIvoire,Air,180,16.96,1061,2454.99,118.31
Rwanda,Air,300,30.82,253,2455.7,11.02
Tanzania,Truck,60,11.46,2345,2456.74,352.64
Uganda,Air,60,8.76,263,2458.26,75.55
"Congo, DRC",Air,60,7.02,288,2460.79,8.99
Haiti,Ocean,30,1.25,122,2461.63,3.55
Uganda,Air,20,32,139,2473.96,16.9
South Sudan,Air,20,32,146,2478.87,17.81
Vietnam,Air,60,7.65,1496,2480.22,184.9
Rwanda,Air,30,8.56,153,2483.49,27.35
Uganda,Air,30,4.75,358,2485.92,26.41
Haiti,Air,100,139,113,2486.15,40.87
Uganda,Air,30,10.52,4811,2486.5,467.57
Haiti,Air,100,97.68,227,2486.62,210.6
Haiti,Air,120,41.1,362,2490.67,118.42
Guyana,Air,120,24,243,2492.47,32.1
Zimbabwe,Truck,60,2.51,521,2494.56,49.1
Botswana,Air,20,32,154,2496.62,23.04
Nigeria,Air,270,96.57,6,2502.05,2.29
Vietnam,Air,30,11.49,1640,2503.07,206.09
C?te dIvoire,Air,240,2.1,140,2503.33,1.77
C?te dIvoire,Air,240,2.1,1784,2503.33,17.2
C?te dIvoire,Air,60,1.32,12,2503.34,0.45
Haiti,Air,60,3.04,144,2504.44,13.96
Vietnam,Air,60,8.1,2672,2504.64,108.25
Vietnam,Air,60,11.09,100,2504.65,10.26
Tanzania,Air,100,80,143,2508.46,28.78
Ethiopia,Air,240,2.15,807,2511.67,6.63
Vietnam,Air,60,7,161,2514.05,8.96
"Congo, DRC",Air,30,1.25,132,2516.57,1.21
C?te dIvoire,Air,20,31,219,2516.62,16.89
Vietnam,Air,120,82.2,251,2519.89,136.78
Haiti,Ocean,30,1.56,154,2520.54,5.19
Guyana,Air,240,2.1,171,2522.76,0.6
Haiti,Air,120,41.1,285,2523.6,6.58
Uganda,Air,60,11.22,708,2524,120.95
Vietnam,Air,60,7.5,18,2525.73,4.94
C?te dIvoire,Truck,60,4.15,335,2527.41,33.17
C?te dIvoire,Air,120,99.85,271,2527.94,322.93
Uganda,Air,60,2.44,336,2528.69,33.41
C?te dIvoire,Air,180,16.96,1006,2530.73,111.53
South Africa,Air,60,17.28,1087,2531.3,372.56
Guyana,Air,30,5.59,252,2531.62,12.5
South Africa,Air,60,15.98,782,2534.68,261.84
Vietnam,Air,336,183.33,337,2535.4,29.33
Namibia,Air,100,70,37,2541.8,20.58
Sudan,Air,100,89,97,2542.17,31.28
Zambia,Air,60,6.5,356,2543.67,41.16
Haiti,Ocean,30,10.5,5986,2549.52,514.34
Uganda,Air,300,30.82,221,2553.06,5.96
Haiti,Air,100,350,72,2556.61,16.8
Mozambique,Air,270,103.52,238,2556.61,78.74
Rwanda,Air,60,3.04,165,2559.28,15.32
Uganda,Truck,60,2.66,1378,2559.88,136.42
South Sudan,Air,100,89,115,2561.61,27.52
Haiti,Air,120,18.66,406,2562.6,19.34
Uganda,Truck,30,4.59,2885,2564.94,129.12
Vietnam,Air,60,11.4,159,2568.6,24.58
Tanzania,Air,300,30.82,261,2569.33,8.49
"Congo, DRC",Air,300,30.82,113,2570.86,2.29
Mozambique,Air,20,32,145,2572.68,29.25
Mali,Air,100,80,66,2572.91,12.34
Nigeria,Air,100,79.99,148,2577.27,83.19
Haiti,Air,1,24.5,182,2581.83,9.09
Haiti,Air,60,15.5,195,2587.9,2.48
South Sudan,Air,100,8,97,2590.24,2.12
Uganda,Air,30,26.25,160,2590.35,92.35
Zimbabwe,Truck,60,1.92,6368,2592.56,107.87
Rwanda,Air,30,13.52,292,2593.56,55.46
C?te dIvoire,Air,50,91,160,2595.63,38.27
Haiti,Air,60,8.15,178,2599,40.62
Zimbabwe,Truck,60,3.95,2372,2599.36,206.47
Vietnam,Air,30,3.25,1505,2604.31,71.38
C?te dIvoire,Air,240,2.1,448,2605.77,4.94
Haiti,Air,60,1.8,216,2612.79,6.66
Tanzania,Air,100,80,144,2631.39,28.78
Ethiopia,Air,60,5.73,668,2633.57,113.66
Vietnam,Air,60,1.4,429,2633.91,26.88
C?te dIvoire,Truck,240,12.5,223,2641.45,10.66
Uganda,Air,100,71.99,194,2642.45,97.91
Uganda,Truck,60,2.18,632,2643.5,25.81
Kenya,Air,30,23.4,18,2644.79,1.64
Mozambique,Air,100,71.99,296,2648.82,115.18
Vietnam,Air,120,82.2,370,2652.33,194.65
Vietnam,Air,60,2.9,581,2653.27,34.1
C?te dIvoire,Air,25,20,206,2656.12,25.83
Vietnam,Air,60,7,104,2658.09,7.85
South Sudan,Air,1,5,115,2660.05,0.71
Vietnam,Air,60,10.6,2447,2673.82,366.77
Uganda,Truck,120,20.22,698,2676,71.21
C?te dIvoire,Air,30,7.64,28,2677.09,8.04
Namibia,Air,100,72,47,2681.23,21.17
Tanzania,Truck,60,7.02,355,2682.2,74.13
Nigeria,Air,100,80,341,2682.47,128
Rwanda,Air,60,7.71,150,2682.48,16.6
Vietnam,Air,30,11.15,1578,2689.85,191.81
Vietnam,Air,30,10.5,1570,2690.2,56.99
Uganda,Air,60,2.9,125,2697.65,7.39
Namibia,Air,100,71.99,46,2698.04,21.17
Zimbabwe,Air,60,4,305,2698.04,31.36
C?te dIvoire,Air,60,6.66,680,2698.22,117.8
Mozambique,Air,30,3.43,216,2698.28,16.56
C?te dIvoire,Air,60,16.44,364,2700.18,28.36
Sudan,Air,25,20,244,2701.16,0.56
Vietnam,Air,60,8.1,1485,2702.63,107.83
Haiti,Air,300,41.1,99,2704.58,4.03
Zimbabwe,Truck,60,7.4,911,2705.71,115.23
Haiti,Air,1,23,197,2708.04,9.87
Vietnam,Air,120,82.2,113,2709.98,69.92
Vietnam,Air,120,82.2,9,2709.98,0.97
Rwanda,Air,90,8.64,318,2716.08,30.53
Vietnam,Air,30,10.5,1671,2718.03,159.54
Rwanda,Air,60,2.95,375,2719.63,30.19
Nigeria,Air,60,1.52,1054,2722.38,1.09
Ethiopia,Air,60,3.4,732,2724.27,40.86
Vietnam,Air,100,5.49,48,2729.91,5.53
Vietnam,Air,30,3.15,1320,2730.91,64.14
C?te dIvoire,Air,60,3.04,206,2731.58,15.3
"Congo, DRC",Air,20,32,54,2734.02,1.05
Rwanda,Truck,90,9.3,164,2737.75,24.72
Haiti,Air,300,30.82,494,2737.95,13.31
Uganda,Air,30,26.25,327,2737.97,61.79
C?te dIvoire,Air,60,9.35,620,2739.3,124.36
Sudan,Air,100,89,119,2742.83,49.89
Guyana,Air,30,30.19,390,2748.16,289.94
Nigeria,Air,60,13.28,359,2750.89,68.55
Tanzania,Truck,60,21.42,640,2751,294.45
C?te dIvoire,Truck,60,3.89,415,2751.09,41.45
"Congo, DRC",Air,100,80,448,2757.4,168.24
Namibia,Air,100,70,43,2760.11,24.7
Mozambique,Air,336,0,256,2765.64,0
Uganda,Air,60,11.22,567,2768.96,77.31
Vietnam,Air,30,23.26,1232,2769.45,3.5
Vietnam,Air,60,23.5,331,2771.84,40.53
Mozambique,Truck,240,1.95,1102,2779.53,9.43
Mozambique,Truck,240,1.95,2987,2779.53,25.74
C?te dIvoire,Air,30,20,140,2782.77,20.56
"Congo, DRC",Air,30,8.5,81,2782.94,1.8
C?te dIvoire,Air,180,16.96,1234,2786.22,153.58
Uganda,Air,30,13.52,389,2786.61,45.49
C?te dIvoire,Air,60,3.8,722,2787.55,71.2
Tanzania,Air,100,80,204,2788.07,41.45
Namibia,Air,20,32,238,2789.67,32.66
Vietnam,Air,60,1.51,121,2789.74,6.22
Vietnam,Air,60,7.5,9,2793.62,2.47
Haiti,Air,60,1.99,250,2794.21,6.51
Vietnam,Air,60,8.94,6,2794.34,1.43
C?te dIvoire,Air,60,7.53,550,2794.67,144.34
South Sudan,Air,20,32,191,2796.58,1.32
Uganda,Air,60,7.12,289,2798.7,54.36
Vietnam,Air,60,2.08,1292,2800.95,16.25
Uganda,Air,60,5.94,304,2808.12,18.85
C?te dIvoire,Air,60,27.53,1118,2810.58,16.47
Nigeria,Air,30,17,422,2812.3,2.96
Nigeria,Air,336,38.36,390,2818.79,16.04
Haiti,Air,1,24.5,240,2836.14,8.82
Sudan,Air,20,32,253,2849.79,51.74
Haiti,Air,100,70,257,2851.72,154.08
Zambia,Air,60,2.33,493,2859.16,38.95
Vietnam,Air,30,3.5,1400,2859.58,57.67
Namibia,Air,100,70,42,2863.47,24.7
Vietnam,Air,30,13.66,122,2864.44,44.06
C?te dIvoire,Air,60,7,338,2864.63,10.9
Tanzania,Air,30,5.74,449,2865.22,29.5
Kenya,Air,20,32,170,2865.63,31.36
Vietnam,Air,30,13.66,122,2867.81,44.06
Vietnam,Air,100,5.49,106,2869.03,12.3
Uganda,Air,30,10.52,770,2871,74.54
Haiti,Air,100,70,257,2873.56,154.08
Rwanda,Air,60,7.71,186,2874.03,20.04
Vietnam,Air,60,1.51,114,2879.96,5.95
Zambia,Truck,30,8.97,819,2882.6,148.23
Zambia,Truck,60,9.45,2115,2882.85,213.55
Namibia,Air,100,70,40,2883.51,25.66
Uganda,Truck,30,19.92,370,2886.12,109.45
Uganda,Truck,30,19.92,617,2886.92,110.44
Zambia,Air,60,9.5,617,2891.6,100.27
Uganda,Truck,60,8.55,294,2894,65.81
Uganda,Air,60,4,597,2905.49,25.49
Rwanda,Air,300,30.82,316,2905.84,9.14
Namibia,Air,20,32,265,2906.31,47.04
Mozambique,Air,20,32,202,2908.88,26.72
C?te dIvoire,Air,30,23,226,2911.16,101.2
Tanzania,Air,20,32,200,2918.12,33
Nigeria,Air,30,26.25,298,2922.53,174.52
Nigeria,Air,30,26.25,235,2922.53,106.35
Vietnam,Air,120,82.19,226,2923.46,131.5
Rwanda,Air,60,2.95,437,2928.4,22.62
Haiti,Air,1,24.5,240,2933.25,10.61
Haiti,Air,60,1.4,230,2936.8,8.89
Zambia,Truck,60,3.4,2764,2938.92,333.2
Zambia,Truck,60,3.4,2773,2938.92,333.2
Zambia,Truck,60,7.75,867,2938.92,63.8
Zambia,Truck,30,12.01,2641,2938.92,823.89
Zambia,Truck,60,9.45,4585,2938.92,926.1
C?te dIvoire,Air,30,26.25,798,2941.11,176.58
Haiti,Air,60,8.15,181,2944.21,41.08
Namibia,Air,100,72,46,2946.64,21.17
Zimbabwe,Truck,30,2,483,2947.59,31.36
Ethiopia,Air,60,2.38,780,2949.1,76.97
Haiti,Air,240,6.83,300,2949.23,2.63
Zambia,Air,90,15.26,481,2951.12,119.64
Nigeria,Air,20,29,592,2951.78,88.52
C?te dIvoire,Air,240,0,1088,2951.94,0
Uganda,Truck,60,11.22,1055,2961,217.71
Ethiopia,Air,60,3.04,732,2963.8,68.31
Rwanda,Air,30,5.35,273,2964.49,21
Vietnam,Air,60,6.75,1585,2965.32,81.74
Nigeria,Air,60,5.94,252,2969.34,16.32
Haiti,Air,60,3.6,192,2971.3,7.13
Ethiopia,Air,30,6.57,716,2976.29,108.4
C?te dIvoire,Air,60,2.73,164,2976.56,8.99
Ethiopia,Air,60,2.44,425,2978.5,42.09
Vietnam,Air,60,6.49,1456,2984,112.08
Vietnam,Air,120,82.2,259,2985.93,174
C?te dIvoire,Air,30,23,154,2986.16,65.86
Namibia,Truck,60,2.49,303,2989.45,4.92
Rwanda,Air,60,2.59,582,2990.64,52.54
Uganda,Air,30,10,168,2990.92,43.12
Tanzania,Truck,120,18.9,3030,2994.62,345.03
Tanzania,Truck,120,18.9,2209,2994.63,250.72
South Sudan,Air,100,89,188,2997.85,49.54
Zambia,Truck,60,3.28,693,2997.97,64.35
Vietnam,Air,30,3.24,1006,3001.35,46.16
Guyana,Air,30,5.74,196,3009.33,12.73
Rwanda,Air,240,1.95,6490,3010.89,26.15
Rwanda,Air,60,3.67,50,3011.72,3.46
Vietnam,Air,60,7,81,3013.09,4.48
Haiti,Air,100,350,132,3013.19,37.73
Namibia,Air,30,12.01,1485,3016.95,365.1
Uganda,Air,60,7.12,322,3017.15,60.57
Haiti,Air,200,1.4,235,3022.74,3.36
Rwanda,Air,30,20,213,3024.36,28.26
Dominican Republic,Air,30,13,319,3026.24,109.4
C?te dIvoire,Truck,30,5.36,852,3026.61,73.4
C?te dIvoire,Truck,30,4.82,354,3026.62,39.57
"Congo, DRC",Air,60,5.44,155,3028.36,14.83
C?te dIvoire,Air,60,6.76,486,3028.66,85.3
Haiti,Air,30,19.5,280,3029.18,40.09
C?te dIvoire,Truck,90,7.3,462,3033.26,70.43
Rwanda,Air,60,7.71,188,3035.87,17.75
Haiti,Air,60,1.32,165,3048.08,0.35
C?te dIvoire,Air,60,4,449,3051.95,47.01
Uganda,Air,30,7.07,322,3054.1,51.83
Rwanda,Air,60,3.09,550,3054.13,56.32
C?te dIvoire,Air,60,7.4,1316,3056.96,151.94
Nigeria,Air,20,29,482,3060.82,69.29
Libya,Air,60,13.15,437,3062.18,78.35
Libya,Air,30,3.91,406,3062.18,36.55
Guyana,Air,60,2.26,214,3066.05,9.74
South Africa,Ocean,60,8.36,2275,3073.74,450.6
Zimbabwe,Truck,25,20,738,3085.84,79.74
Haiti,Air,1,24.5,253,3087.68,10.07
South Sudan,Air,20,32,209,3088.04,26.78
"Congo, DRC",Air,1000,22.45,578,3089.83,19.99
C?te dIvoire,Air,60,28,316,3095.28,96.1
Haiti,Air,100,350,60,3097.85,14
Zimbabwe,Truck,240,12.08,116,3100,6.5
Rwanda,Air,20,32,320,3100.66,60.4
Guyana,Air,240,1.95,239,3106.89,1.93
C?te dIvoire,Air,30,25,225,3109.21,63.09
Vietnam,Air,60,8.76,579,3119.75,120.57
Vietnam,Air,120,82.2,249,3120.92,131.52
"Congo, DRC",Air,20,32,170,3125.65,18.56
Haiti,Air,1,24.5,240,3126.61,8.82
Guyana,Air,60,7.02,199,3127.35,8.41
Haiti,Air,100,350,144,3128.19,41.16
C?te dIvoire,Air,30,4.04,242,3128.55,19.29
C?te dIvoire,Truck,90,9.3,347,3132.77,67.18
Haiti,Air,90,15.26,199,3133.23,12.56
Malawi,Air,20,32,86,3133.86,11.04
Swaziland,Air,60,14.63,1926,3134.82,101.97
Zimbabwe,Truck,60,7.4,819,3135,102.94
Haiti,Air,1,23,261,3135.97,17.85
Vietnam,Air,30,3.55,1948,3138.25,58.39
C?te dIvoire,Air,90,7.3,244,3138.35,40.94
C?te dIvoire,Truck,100,1.3,750,3138.81,6.43
Zambia,Truck,60,7.21,2629,3139.96,22.81
C?te dIvoire,Air,60,8.76,706,3144.57,151.5
Haiti,Air,1,24.5,253,3145.85,10.07
Tanzania,Air,20,32,277,3146.63,52.62
Nigeria,Air,40,76,411,3147,45.6
Vietnam,Air,60,2.1,1616,3147.88,81.36
Swaziland,Air,60,11.22,2237,3148.12,353.6
Zambia,Air,100,1.3,1358,3150.3,9.06
C?te dIvoire,Truck,30,11,119,3159.12,33.12
South Africa,Ocean,60,7.33,523,3161.68,163.68
South Africa,Ocean,60,7.33,3894,3161.68,1219.13
Tanzania,Air,20,32,234,3163.87,42.02
Mozambique,Air,20,32,149,3165.69,19.16
C?te dIvoire,Air,30,20,293,3169.34,51.95
Guyana,Air,240,2,221,3170.64,2.03
Vietnam,Air,60,2.9,327,3171.36,8.57
Tanzania,Air,20,32,277,3174.13,49.8
Tanzania,Truck,120,33.74,880,3175.7,244.34
Guyana,Truck,90,7.3,110,3178,0.44
Uganda,Air,60,13.28,824,3182.52,155.03
Rwanda,Air,100,71.99,130,3187.18,46.65
"Congo, DRC",Air,20,32,112,3196.31,1.12
Zambia,Air,60,3.9,2353,3210.18,199.79
Vietnam,Air,120,60.82,992,3212.25,313.28
Vietnam,Air,120,60.82,824,3216.15,325.05
Tanzania,Air,60,7.72,454,3219.93,35.94
Haiti,Air,120,19.32,463,3222.27,44.57
Vietnam,Air,60,6.75,1984,3225.12,192.57
Mozambique,Air,60,2.91,4211,3227.48,2.46
Nigeria,Air,60,20.5,531,3228,158.62
Uganda,Air,60,2.9,1001,3228.26,59.41
Uganda,Air,30,1.25,575,3231.11,14
Zambia,Air,60,7.9,581,3238,154.84
Haiti,Air,100,139,6,3238.79,1.78
Haiti,Air,100,70,382,3241.06,230.5
Tanzania,Air,60,10.68,957,3243,187.57
Tanzania,Air,30,1.56,394,3245.39,11.43
Guyana,Air,120,18.9,251,3247.35,26.34
Vietnam,Air,30,10.19,613,3247.73,167.77
Guyana,Air,30,5.59,385,3248.6,24.44
C?te dIvoire,Air,30,7.64,182,3250.13,42.04
Vietnam,Air,60,8.1,1685,3251.35,100.75
Mali,Air,100,80,84,3252.26,20.64
Rwanda,Air,240,8.5,1,3253.88,11.96
Haiti,Air,100,350,187,3254.23,64.14
Uganda,Air,60,2.26,177,3255.61,7.02
South Sudan,Air,100,8,149,3256.76,1.14
Tanzania,Air,20,32,284,3261.37,52.62
Uganda,Air,60,9.35,501,3266.38,98.54
Tanzania,Air,60,3.57,1802,3267,67.44
Mozambique,Air,100,80,55,3267.66,15.84
Tanzania,Air,300,30.82,244,3269.9,9.04
C?te dIvoire,Air,100,70,182,3272.6,109.76
Vietnam,Air,60,6.49,1725,3273.14,133.43
C?te dIvoire,Truck,60,1.32,360,3274.41,3.29
C?te dIvoire,Air,60,15.04,777,3274.41,214.41
Malawi,Air,100,80,114,3278.11,27.59
Tanzania,Truck,60,8.26,20975,3279.25,304.47
Tanzania,Truck,30,16.73,15032,3279.25,3623.92
Tanzania,Truck,30,4.22,8474,3279.25,955.8
Tanzania,Truck,60,4.25,641,3279.25,78.97
Tanzania,Truck,60,2.99,1309,3279.25,168.01
Tanzania,Truck,60,4.25,316,3279.25,39.29
Tanzania,Truck,240,1.95,7096,3279.29,61.22
Haiti,Air,60,6.6,305,3282.33,27.14
South Africa,Air,240,3,4396,3283.59,75.47
South Africa,Air,240,3,4440,3283.59,75.29
South Africa,Air,240,3,4442,3283.59,75.31
South Africa,Air,240,3,1205,3283.62,20.59
Mozambique,Truck,60,2.18,6342,3290.58,4.55
Tanzania,Air,60,3.57,1050,3291,67.44
Uganda,Truck,60,7.72,429,3293.34,55.78
C?te dIvoire,Truck,60,2.33,387,3296.34,31.14
C?te dIvoire,Truck,100,4.76,172,3296.34,17.72
C?te dIvoire,Truck,30,19.92,2244,3296.34,219.49
C?te dIvoire,Truck,30,6.42,197,3296.34,37.29
C?te dIvoire,Air,60,15,1103,3296.34,128.3
South Africa,Air,60,7.43,3221,3296.57,964.89
South Africa,Air,60,7.43,1273,3296.58,381.25
"Congo, DRC",Air,60,5.5,204,3298.78,5.65
Uganda,Air,60,8.76,238,3299.67,67.99
Tanzania,Truck,30,6.07,2006,3300.95,204.6
Tanzania,Truck,30,6.07,2635,3300.95,236.61
Uganda,Truck,60,11.22,359,3302.05,72.57
Zimbabwe,Air,30,5.13,4000,3302.14,21.01
Zimbabwe,Truck,60,7.53,679,3302.14,95.46
Zimbabwe,Truck,60,3.4,632,3302.14,26.66
Zambia,Air,60,27.53,822,3303.52,363.44
Vietnam,Air,30,14.1,1208,3306.51,152.36
Guyana,Air,60,16.44,86,3307.86,11.7
Tanzania,Air,270,89.11,424,3310.89,143.23
Vietnam,Air,60,8.15,1846,3314.03,125.9
South Africa,Air,60,7.43,4023,3315.23,1202.2
South Africa,Air,60,7.43,454,3315.24,144
Vietnam,Air,120,60.82,826,3315.82,258.35
C?te dIvoire,Air,30,20,293,3316.79,51.95
Mozambique,Air,30,12.42,6081,3316.9,671.42
Botswana,Air,100,70,274,3321.08,164.64
Vietnam,Air,60,2.1,2162,3324.85,110.01
Burundi,Air,30,3.33,342,3325.77,22.94
C?te dIvoire,Truck,120,21,475,3332.73,46.34
Zimbabwe,Air,30,2,422,3335.15,5.12
Uganda,Air,30,5.78,680,3335.33,53.25
Uganda,Air,60,8.76,486,3338.35,103.02
Zambia,Truck,60,5.43,797,3340.5,76.52
South Africa,Ocean,60,7.3,4670,3341.45,1086.11
South Africa,Ocean,60,7.3,509,3341.45,118.39
Vietnam,Air,30,3.24,2321,3353.3,108.96
C?te dIvoire,Air,20,27,1038,3360.75,164.45
C?te dIvoire,Air,240,13.6,2979,3365.45,19.7
Vietnam,Air,336,76.72,48,3366.04,1.2
Rwanda,Air,60,3,404,3366.98,43.22
Zambia,Truck,60,2.73,1946,3379.64,107.02
Zambia,Truck,60,7.72,2085,3379.64,151.31
Zambia,Truck,60,7.53,3325,3379.64,895.61
C?te dIvoire,Air,30,19.92,1264,3380.35,370.75
C?te dIvoire,Air,90,9.71,5,3380.36,0.42
Guyana,Air,30,2.24,411,3380.86,1.11
Uganda,Air,30,22.5,195,3387.72,49.15
Uganda,Air,30,26.25,464,3393,1.76
Uganda,Truck,30,8.82,338,3397.95,37.24
Vietnam,Air,30,14.1,1675,3401.49,126.82
Zambia,Truck,60,2.51,1032,3402.23,97.41
Zambia,Truck,60,2.33,2630,3402.23,210.94
Zambia,Truck,60,2.51,1168,3402.23,43
Zambia,Truck,60,2.51,6,3402.23,0.45
Zimbabwe,Truck,60,3.28,213,3403.98,19.7
Zimbabwe,Truck,60,1.9,687,3403.99,14.14
Zimbabwe,Truck,30,8.5,10,3403.99,1.92
Zimbabwe,Truck,60,4.25,5357,3403.99,503.96
C?te dIvoire,Air,180,16.96,933,3409.91,108.73
Nigeria,Air Charter,60,6.52,1547,3410,115.11
Mozambique,Air,240,2.02,512,3415.72,3.92
Tanzania,Air,90,9.3,630,3416.2,95.21
Mozambique,Air,30,5.78,2156,3423.25,113.29
Mozambique,Truck,60,11.22,3563,3423.26,666.66
Uganda,Truck,60,4.15,345,3426.68,30.09
Zambia,Truck,60,2.21,2599,3427.33,94.89
Haiti,Air,300,30.82,708,3428.37,19.33
C?te dIvoire,Air,60,3.4,1650,3428.5,95.86
Haiti,Air,240,1.51,346,3429.78,1.09
"Congo, DRC",Air,60,7.02,324,3436.14,10.13
"Congo, DRC",Air,240,1.95,512,3438.2,2.98
Mozambique,Air,90,16.95,3340,3438.84,10.85
South Africa,Air,240,3.15,7367,3444.28,129.7
Uganda,Air,60,5.94,335,3446.07,21.16
Haiti,Air,1,24.5,300,3446.68,11.33
Vietnam,Air,120,82.2,208,3449.4,105.22
Tanzania,Air,30,50.4,2462,3451.41,2465.94
C?te dIvoire,Air,60,1.75,989,3452,39.2
Mozambique,Air,100,80,267,3453.53,63.83
Haiti,Air,60,4,176,3456.02,20.26
Haiti,Air,60,10.99,487,3463.53,52.87
Vietnam,Air,30,3.55,2190,3467.7,25.55
Mozambique,Truck,60,11.22,36,3470,5.09
Ethiopia,Air,240,2.15,773,3472.55,6.35
Uganda,Air,60,7.4,204,3477,39.77
Rwanda,Air,20,32,166,3478.5,19.79
Zimbabwe,Truck,90,9.3,365,3481.29,56.63
Tanzania,Truck,60,9.45,4237,3482.59,697.98
Uganda,Air,60,2.26,722,3483.79,32.12
Rwanda,Air,30,20,405,3484.48,61.68
C?te dIvoire,Truck,60,4.15,338,3487.55,33.17
Nigeria,Air,60,3.4,451,3487.94,11.24
C?te dIvoire,Air,30,24,300,3489.46,46.57
Zimbabwe,Truck,60,7.02,1616,3489.53,362.12
Rwanda,Air,20,32,334,3494.5,44.86
Mozambique,Truck,60,2.33,195,3495.81,15.57
Namibia,Air,20,32,177,3496.34,27.46
C?te dIvoire,Air,120,41.1,217,3499.1,65.3
Mozambique,Air,100,80,337,3499.18,156.8
Uganda,Air,60,2.44,113,3504.8,1.32
Nigeria,Air,60,3.2,318,3515.96,36.09
Haiti,Air,100,71.99,171,3518.38,86.39
Guyana,Air,240,1.63,253,3519.7,0.22
Uganda,Truck,30,10,328,3522.52,79.34
Tanzania,Truck,240,1.95,823,3524,5.99
South Africa,Ocean,240,2.12,1679,3524.93,15.84
South Africa,Ocean,240,2.12,1472,3524.95,13.89
Mozambique,Truck,240,2.02,2409,3525.03,20.83
Mozambique,Truck,60,8.55,1391,3525.04,212.29
Mozambique,Truck,60,8.55,3666,3525.04,559.16
C?te dIvoire,Truck,30,4.22,1223,3526.27,139.79
C?te dIvoire,Air,30,4.22,434,3526.27,49.66
Zambia,Truck,60,3.89,1628,3526.69,182.75
Zambia,Truck,30,11.89,3041,3526.69,375.21
Zambia,Truck,60,2.23,609,3526.69,3.34
Zambia,Truck,30,11.89,638,3526.7,56.86
South Africa,Ocean,240,2.12,3061,3530.94,29.73
"Congo, DRC",Air,60,2.26,211,3531.86,5.03
Zimbabwe,Truck,60,4.25,1754,3537.26,275.44
Vietnam,Air,30,7.75,395,3538.57,58.95
Zambia,Air,60,3.4,4510,3540.35,212.53
Tanzania,Truck,120,19.52,8820,3541.59,21.95
Tanzania,Truck,30,10.87,5175,3541.59,619.41
C?te dIvoire,Air,30,22.5,151,3545.1,58.32
C?te dIvoire,Air,240,1.95,224,3545.1,2.52
Malawi,Ocean,30,11.49,701,3548.81,88.12
Vietnam,Air,30,23.26,6,3549.7,2.33
Uganda,Air,30,5.13,95,3549.77,11.06
Tanzania,Truck,30,5.5,841,3549.9,0.62
Zambia,Truck,30,12.01,3841,3558.49,960.8
Uganda,Truck,30,3.21,3961,3562.44,123.75
Vietnam,Air,60,5.75,2228,3565.08,7.7
Mozambique,Truck,60,7.72,3772,3567.08,226.31
Tanzania,Truck,30,12.3,7596,3567.19,1025.89
Tanzania,Truck,60,2.15,5467,3567.2,68.71
Mozambique,Truck,240,2.1,1098,3567.53,9.78
Uganda,Truck,30,6.08,460,3571.6,58.04
Vietnam,Air,30,7.5,86,3573.32,21.73
Mozambique,Air,60,2.92,834,3574.24,47.56
Mozambique,Truck,60,5.38,346,3580.36,41.42
Nigeria,Air Charter,60,5.33,1554,3583,116.97
Zimbabwe,Air,60,7,247,3584.08,8.78
C?te dIvoire,Air,30,20,430,3587.34,65.79
Vietnam,Air,60,15.74,22,3587.81,6.79
Tanzania,Truck,60,25.45,475,3588.34,239.13
Mozambique,Truck,30,4.7,358,3590,16.7
Mozambique,Truck,60,11.23,39,3590,5.63
Tanzania,Truck,120,24.76,4613,3592.8,393.17
Tanzania,Truck,60,2.3,2461,3592.8,36.75
Tanzania,Air,60,2.91,566,3594.6,52.06
Mozambique,Air,60,7.2,7113,3599.76,668.8
Mozambique,Truck,60,2.44,3545,3599.76,10.07
Ethiopia,Air,120,36.16,1647,3600.65,623.69
Ethiopia,Air,120,36.16,549,3600.65,159.9
Uganda,Air,30,5.78,36,3602.34,137.08
Uganda,Air,20,32,566,3603.93,62.6
Uganda,Air,60,7.4,667,3609.2,76.96
Mozambique,Truck,30,4.62,599,3610,31.34
Zambia,Truck,60,3.95,2484,3613.05,243.64
Mozambique,Air,60,9.35,1448,3613.31,275.77
Kenya,Truck,20,32,297,3616.67,54.63
Rwanda,Air,30,16.5,405,3616.95,36.96
Vietnam,Air,120,60.82,1138,3622.58,442.38
Tanzania,Truck,30,5.74,816,3623.2,72.9
Zambia,Truck,60,3.4,2503,3629.37,296.09
Zambia,Truck,60,3.4,1162,3629.37,139.87
Zambia,Truck,60,3.4,2809,3629.37,333.2
Haiti,Air,1,24.5,367,3638.86,17.35
C?te dIvoire,Truck,60,11.22,10832,3641.16,1709.71
Mozambique,Truck,60,2.18,4355,3644.18,3.59
C?te dIvoire,Air,60,3.4,1013,3646,43.52
South Africa,Air,30,7.82,1378,3646.1,337.06
South Africa,Air,30,7.82,3071,3646.13,753.93
South Africa,Air,30,7.82,3549,3646.13,875.37
South Africa,Air,30,7.82,3728,3646.13,914.6
South Africa,Air,30,7.82,4942,3646.13,1223.32
South Africa,Air,30,7.82,4457,3646.13,1091.48
South Africa,Air,30,7.82,3543,3646.13,873.82
South Africa,Ocean,60,14.93,2283,3649.67,587.41
C?te dIvoire,Air,60,3.75,192,3649.76,10.21
Vietnam,Air,30,13,21,3657.69,8.41
Vietnam,Air,60,1.85,1953,3658.08,32.06
Uganda,Air,60,2.73,132,3661.42,14.71
Mozambique,Air,60,6.85,361,3669.84,27.85
Mozambique,Air,60,7.2,9228,3671.92,1764
Mozambique,Air,60,7.2,2382,3671.92,452.53
Mozambique,Air,60,11.8,6036,3671.92,302.98
Vietnam,Air,30,7.5,266,3678.45,73.35
Nigeria,Air,60,9.35,102,3680.33,20.45
Nigeria,Air,30,11.72,176,3680.33,47.39
Nigeria,Air,30,11,1146,3680.33,290.48
Mozambique,Air,30,2,1434,3682.34,77.25
Haiti,Air,100,70,470,3684.28,230.61
C?te dIvoire,Air,90,10.07,1560,3688.33,40.78
C?te dIvoire,Air,240,2.1,2633,3688.33,29.25
C?te dIvoire,Air,60,1.5,56,3688.33,2.79
Vietnam,Air,60,11.2,2356,3688.77,21.88
Vietnam,Air,30,10.5,2452,3691.22,203.79
Vietnam,Air,30,10.5,2401,3701.66,186.52
Vietnam,Air,60,6.49,2235,3708.72,65.38
Togo,Air,30,4.5,734,3710.65,35.37
Vietnam,Air,60,7.75,249,3719.91,14.88
Uganda,Truck,120,18.9,1089,3730.8,103.69
Mozambique,Truck,60,13.5,2298,3733.57,358.78
C?te dIvoire,Truck,30,4.7,1208,3738.52,70.81
C?te dIvoire,Truck,30,4.7,487,3738.53,32.29
C?te dIvoire,Air,60,1.85,321,3740.01,7.42
Guyana,Air,20,32,832,3740.04,42.6
Guyana,Air,20,32,748,3740.04,38.3
"Congo, DRC",Air,60,1.72,209,3743.84,7.03
Tanzania,Air,100,70,216,3744.18,130.34
Nigeria,Air,100,79.99,258,3748.24,144.62
Rwanda,Truck,60,3.2,455,3754.14,29.5
South Africa,Ocean,240,9.28,6680,3755.91,265.46
South Africa,Ocean,240,9.28,870,3755.91,34.36
Uganda,Truck,30,5.54,729,3758.4,11.65
Nigeria,Air,336,38.36,520,3759.22,22.58
Burundi,Air,60,8.58,652,3763.2,23.43
C?te dIvoire,Air,60,6.85,385,3765.28,21.13
Nigeria,Air Charter,30,3.21,828,3773,40.39
Vietnam,Air,60,1.8,2486,3775.5,32.63
Nigeria,Air,120,41.1,309,3777.93,164.33
Rwanda,Truck,90,9.3,367,3783.24,9.71
Uganda,Truck,60,3.6,2253,3785.72,76.27
Vietnam,Air,336,206.51,55,3785.84,8.01
Ethiopia,Air,60,8.15,574,3787.32,130.4
Swaziland,Air,60,2.58,750,3787.65,55.44
South Africa,Ocean,60,7.3,1720,3787.71,399.98
South Africa,Ocean,60,7.3,3458,3787.72,804.52
Vietnam,Air,30,10.5,2517,3789.5,170.98
South Africa,Ocean,60,8.42,2303,3790,347.32
Vietnam,Air,30,10.5,2388,3790.32,185.53
Uganda,Air,30,27.6,606,3790.99,153.89
Zimbabwe,Air,100,72,324,3791.81,141.12
Vietnam,Air,30,11.48,522,3796.05,123.43
Vietnam,Air,60,8.61,1015,3796.95,17.01
Zambia,Air,30,10.92,846,3798.73,180.45
Haiti,Air,300,36.16,100,3806.01,3.9
Vietnam,Air,30,10,2516,3809.94,209.04
Vietnam,Air,30,10,2516,3809.94,209.04
Burundi,Air,60,7,741,3810.39,53.17
Vietnam,Air,30,10,2516,3816.3,209.04
Mozambique,Air,20,32,841,3818.4,128
Vietnam,Air,60,8.42,1741,3821.49,147.3
Vietnam,Air,120,60.82,1272,3824.06,325.12
Uganda,Air,30,27.6,158,3824.96,49.78
Guyana,Air,100,100,137,3825.21,42.06
Tanzania,Truck,60,2.33,4271,3825.8,369.14
Tanzania,Truck,60,4.25,9208,3825.8,1148.19
C?te dIvoire,Air,60,9.5,1897,3826.17,308.32
Zimbabwe,Truck,60,3.28,12791,3833.17,41.02
Zimbabwe,Air,60,5.85,31,3833.17,3.76
Zimbabwe,Truck,30,4.75,509,3833.17,60.42
Zimbabwe,Air,60,5.85,7112,3833.17,543.37
Rwanda,Air,30,3.57,262,3840.85,15.05
Haiti,Air,60,1.46,286,3842.22,13.88
Sudan,Air,25,20,353,3843.25,2.59
C?te dIvoire,Air,60,4.6,338,3845.67,46.61
Rwanda,Air,60,2.59,933,3847.96,76.3
C?te dIvoire,Air,60,7.02,662,3848.91,136.41
Vietnam,Air,60,7.75,270,3850.43,16.12
Nigeria,Air,60,7.4,563,3852.55,75.67
C?te dIvoire,Air,300,30.82,326,3852.86,12.2
Tanzania,Truck,240,1.95,10913,3853.89,94.93
Tanzania,Truck,240,1.95,9907,3853.89,85.07
Vietnam,Air,60,2.4,1044,3854.23,28.96
Mozambique,Truck,60,2.42,775,3855.94,10.75
Mozambique,Truck,60,9.81,9370,3855.94,240.96
Mozambique,Truck,30,3.81,1409,3855.95,118.17
Tanzania,Truck,30,19.92,3076,3859,926.88
Uganda,Truck,60,2.51,698,3865.63,1.87
Uganda,Air,60,2.24,574,3868.24,17.14
Vietnam,Air,60,6.49,1748,3868.49,152.77
Mozambique,Air,60,9.35,3427,3874.22,54.93
C?te dIvoire,Truck,30,4.7,677,3880.14,42.83
Rwanda,Air,60,3.09,708,3891.2,72.68
Vietnam,Air,60,2.4,1068,3894.21,32.77
Mozambique,Air,240,2.44,998,3894.6,10.71
Vietnam,Air,60,15.74,10,3896.68,3.39
C?te dIvoire,Air,300,30.82,336,3899.33,12.96
Uganda,Air,30,22.5,420,3900.39,46.34
Nigeria,Air,100,80,512,3906.29,192
South Africa,Air,30,7.82,2649,3908.55,655.68
"Congo, DRC",Air,20,32,508,3918.37,2.64
Ethiopia,Air,30,6.57,542,3935.92,65.26
Rwanda,Air,100,70,88,3936.25,52.96
Mozambique,Truck,60,8.55,4171,3936.85,634.84
Mozambique,Truck,30,4.32,2068,3936.86,167.15
Guyana,Air,120,33.74,276,3940.18,62.11
Tanzania,Air,60,5.94,328,3940.54,20.1
Uganda,Air,60,2.73,306,3945.33,3.53
Zambia,Truck,30,19.92,1456,3949.18,564.93
Zambia,Truck,240,1.8,7469,3949.19,59.4
Zambia,Truck,60,15.04,523,3949.19,127.18
Zambia,Truck,60,7.21,1405,3949.19,309.31
Zambia,Truck,60,2.16,44,3951.02,2.65
Tanzania,Air,60,2.73,699,3952.34,19.54
"Congo, DRC",Air,1000,33.1,500,3958.28,22.6
South Africa,Ocean,240,2.12,2068,3961.69,19.55
South Africa,Ocean,240,2.12,10346,3961.7,97.63
C?te dIvoire,Air,120,36.16,205,3962.5,77.96
Nigeria,Air Charter,60,1.9,767,3963,20.28
Ghana,Truck,60,6.73,8701,3975.7,159.12
Guyana,Air,20,32,1062,3976.33,54.37
Vietnam,Air,30,11.15,1745,3977.24,213.78
C?te dIvoire,Air,30,20,343,3978.49,51.4
C?te dIvoire,Truck,30,4.7,941,3980.18,59.52
Vietnam,Air,336,306.88,60,3981.97,15.88
Rwanda,Air,60,3.6,558,3989.81,42.37
Uganda,Truck,30,3.64,690,3990,41.5
Mozambique,Truck,120,18.9,6697,3995.94,585.21
Rwanda,Air,20,32,88,3997.31,15.68
Uganda,Air,60,2.42,491,4002.01,15.39
South Sudan,Air,20,32,175,4011.66,0.82
C?te dIvoire,Air,100,70,256,4014.57,124.99
C?te dIvoire,Air,100,70,275,4015,131.49
Rwanda,Air,60,2.59,986,4015.82,79.95
C?te dIvoire,Air,240,2.1,1784,4017.69,5.54
C?te dIvoire,Truck,60,2.23,216,4017.7,13.24
C?te dIvoire,Air,60,32,421,4022.89,168.59
C?te dIvoire,Truck,60,8.26,650,4029.71,99.12
Haiti,Air,60,21.42,306,4030.02,10.39
Uganda,Air,30,6.85,2529,4031.3,395.07
Vietnam,Air,60,2.54,71,4035.45,6.83
Zambia,Truck,60,3.95,2803,4040.64,135.25
Vietnam,Air,336,206.51,51,4042.47,5.34
Mozambique,Truck,30,3.33,4223,4044.33,165.8
Mozambique,Truck,240,2.1,5291,4044.33,34.03
Vietnam,Air,30,11.48,654,4051.34,154.29
Uganda,Truck,60,11,1414,4054.19,85.21
Haiti,Air,60,7.39,24,4059.85,2.24
Zambia,Truck,30,12.01,3775,4060.54,1176.98
Zambia,Truck,60,3.4,2717,4060.55,193.33
Zambia,Truck,60,3.4,3787,4060.55,269.59
C?te dIvoire,Air,60,2.23,2699,4063.81,4.69
C?te dIvoire,Air,60,3.75,574,4063.81,48.71
C?te dIvoire,Air,30,4.7,753,4063.81,43.17
Nigeria,Air Charter,60,7.72,1983,4065,111.11
Zambia,Ocean,240,1.95,4836,4075.1,41.38
Zimbabwe,Truck,60,3.6,3919,4083.5,39.24
Vietnam,Air,30,10.5,2719,4084.56,207.24
South Africa,Air,240,3.15,3869,4088.43,67.91
Vietnam,Air,336,306.88,168,4092.21,37.05
Rwanda,Air,240,2.1,575,4095.24,3.9
Uganda,Truck,60,8.76,1188,4097,307.27
Nigeria,Air,30,11.72,621,4099.51,78.76
Mozambique,Truck,30,3.78,40,4100,2.18
Vietnam,Air,30,13,30,4111.71,3.82
Zimbabwe,Air,100,71.99,373,4112.46,188.21
Uganda,Truck,60,6.52,4055,4112.56,350.48
Zambia,Air,100,71.99,455,4113.16,230.37
South Africa,Air,60,2.53,3230,4116.81,366.12
South Africa,Air,60,2.53,1,4116.81,0.01
South Africa,Air,60,2.53,3211,4116.81,363.61
South Africa,Air,60,2.53,2512,4116.82,285.71
Mozambique,Truck,60,1.99,168,4120.69,7.11
Mozambique,Truck,30,12.11,2503,4120.69,373.52
Mozambique,Truck,30,12.11,11667,4120.7,1652.85
South Sudan,Air,20,32,176,4124.74,1.39
Haiti,Air,60,5.94,1825,4126.9,16.47
Haiti,Air,60,6.85,51,4126.9,2.46
Zambia,Truck,60,11.36,458,4130.15,54.14
South Africa,Ocean,90,9.98,201,4134.92,32.6
Tanzania,Air,30,22.5,775,4136.58,144.03
Vietnam,Air,60,7.5,9,4138.11,2.47
Uganda,Air,30,20,811,4139.95,123.36
Tanzania,Air,30,22.5,643,4142.07,133.01
Vietnam,Air,60,2.54,216,4146.33,20.55
"Congo, DRC",Air,90,9.3,266,4147.79,3.28
C?te dIvoire,Air,60,1.75,354,4147.9,17.36
Tanzania,Air,60,2.91,572,4152.56,52.85
Mozambique,Air,60,3.28,643,4156.94,60.51
Vietnam,Air,60,2.9,507,4159.45,46.77
Uganda,Air,60,8.76,338,4159.73,94.43
Tanzania,Air,60,5.43,632,4168.19,77.24
Zimbabwe,Air,60,8.76,1088,4170.65,226.64
C?te dIvoire,Air,30,22.5,364,4171.65,44.16
Haiti,Air,100,350,144,4185.29,41.16
Vietnam,Air,30,6.5,1849,4191.83,273.96
Vietnam,Air,240,1.92,941,4193.49,3.07
Uganda,Air,20,27,483,4193.88,55.08
Burundi,Air,30,10.78,546,4195.64,31.92
Tanzania,Air,120,41.1,1422,4198,197.28
C?te dIvoire,Air,60,2.15,399,4200.78,3.99
Tanzania,Truck,60,12.96,1064,4203,165.88
C?te dIvoire,Air,120,105.49,255,4204.67,254.82
Tanzania,Air,60,9.5,1008,4207.4,144.04
Zambia,Truck,60,4,3237,4208.35,193.15
Haiti,Air,1,24.5,434,4209.61,20.61
Zambia,Truck,60,3.4,3224,4217.45,302.25
Burundi,Air,60,6.6,331,4218.74,9.69
Vietnam,Air,30,10.15,2406,4219.32,223.12
Vietnam,Air,30,10.15,2406,4219.32,223.12
Guyana,Air,120,82.2,347,4220.15,201.23
Vietnam,Air,60,6.9,924,4225.93,142.81
South Africa,Ocean,240,9.28,3853,4228.61,153.12
South Africa,Ocean,30,4.51,488,4232.71,42.75
South Africa,Ocean,30,4.51,5887,4232.71,515.36
Uganda,Truck,30,4.7,703,4234.12,25.6
Zambia,Air,60,2.44,796,4234.42,79.1
Haiti,Air,30,1.25,353,4236.81,7.84
Uganda,Truck,60,8.26,521,4237.12,74.56
Vietnam,Air,336,76.72,170,4256.38,9.92
Rwanda,Air,60,2.44,447,4257.01,41.92
Cameroon,Air,90,9.3,195,4257.91,33.94
Kenya,Air,20,32,347,4259.57,62.72
C?te dIvoire,Truck,90,7.3,253,4261.03,42.17
South Africa,Air,30,4.67,993,4263.07,115.89
South Africa,Air,30,4.67,3240,4263.07,347.97
South Africa,Air,30,4.67,3764,4263.07,404.1
South Africa,Air,30,4.67,2970,4263.07,318.97
South Africa,Air,30,4.67,3005,4263.07,320.93
South Africa,Air,30,4.67,3669,4263.07,393.17
South Africa,Air,30,4.67,2970,4263.08,318.97
C?te dIvoire,Air,60,2.9,373,4266.24,14.78
Zambia,Truck,60,6.52,3324,4266.62,247
Tanzania,Air,300,30.82,470,4267.13,16.58
Guyana,Air,30,5.87,274,4268.06,17.38
Guyana,Air,100,90,154,4268.93,65.2
Ethiopia,Air,30,6.57,629,4277.04,75.81
Angola,Air,300,30.82,492,4281.43,18.3
Vietnam,Air,60,14.45,1701,4288.83,2.67
Guyana,Air,60,2.73,347,4293.82,14.57
South Africa,Ocean,60,7.33,4364,4295.6,1366.48
South Africa,Ocean,60,7.33,52,4295.61,16.32
Ghana,Air,240,1.43,786,4304.34,2.8
Ethiopia,Air,60,2.44,658,4311.22,21.52
Vietnam,Air,30,10.5,2877,4312.92,207.24
Mozambique,Truck,60,2.45,277,4313.33,11.6
Zambia,Air,60,1.99,849,4316.34,20.46
Guyana,Air,90,9.3,7,4317.96,1.13
C?te dIvoire,Air,40,110,158,4318.21,30.18
Uganda,Air,60,2.51,1421,4322.6,20.85
Burundi,Air,120,21.78,928,4323.44,5.74
Tanzania,Air,100,72,337,4323.93,159.75
Rwanda,Truck,60,8.11,1755,4328.9,116.81
C?te dIvoire,Air,240,1.9,1208,4329.01,13.03
Tanzania,Air,25,20,507,4329.08,50.16
Zambia,Truck,240,1.3,3731,4329.61,13.36
Guyana,Air,60,1.32,294,4338.44,0.05
Cameroon,Air,60,6.5,294,4339.64,40.2
South Sudan,Air,100,89,285,4350.03,63.5
Guyana,Air,120,19.71,298,4353.04,20.89
Vietnam,Air,60,1.85,2175,4354.8,35.37
Haiti,Air,100,350,240,4355.7,75.46
Zambia,Truck,60,2.26,3832,4356.74,146.72
Zambia,Truck,60,2.26,2764,4356.75,8.38
Zambia,Truck,30,12.3,2004,4356.75,277.62
Zambia,Truck,60,2.26,2270,4356.75,119.58
Uganda,Truck,60,2.44,479,4358.72,28.51
Rwanda,Air,100,139,450,4360.83,102.97
Vietnam,Air,30,10.15,2510,4363.06,231.97
Rwanda,Air Charter,240,1.85,718,4370.8,5.49
Burundi,Air,30,10.25,614,4373.84,34.14
Uganda,Truck,30,8.23,656,4376.56,101.05
Tanzania,Air,100,80,277,4379.48,55.27
Vietnam,Air,30,10.15,2101,4384.01,194.24
Burundi,Air,30,3.33,336,4385.44,16.61
Vietnam,Air,60,14.49,42,4388.84,9.75
Rwanda,Truck,60,2.26,2295,4390.98,115.32
Rwanda,Truck,240,1.45,1960,4390.98,9.86
Dominican Republic,Air,60,2.33,544,4392.94,3.28
Vietnam,Air,120,82.2,385,4393.32,199.91
Guyana,Air,100,4.76,332,4398.32,8.19
Rwanda,Air,300,30.82,415,4399.65,10.01
Guyana,Air,100,72,67,4400.85,71.55
Nigeria,Air,30,26.25,878,4401.4,514.5
Nigeria,Air,60,3.4,231,4401.4,16.35
Nigeria,Air,1000,26.35,488,4404.9,0.3
Uganda,Truck,60,2.58,1095,4405.24,83.88
Vietnam,Air,30,11.48,772,4408.29,185.15
Vietnam,Air,336,76.72,114,4410.73,6.01
Tanzania,Truck,240,1.95,888,4417.96,7.64
C?te dIvoire,Air,20,29,328,4420.31,54.02
C?te dIvoire,Truck,60,2.76,959,4424.91,58.51
Vietnam,Air,30,10.5,2959,4427.52,225.12
Zimbabwe,Truck,30,4.34,571,4428.06,59.81
Zimbabwe,Truck,60,4.25,2032,4428.06,320.7
South Africa,Ocean,30,2.39,1291,4429.37,118.1
Rwanda,Air,30,16.5,752,4436.76,49.71
Uganda,Truck,30,10.25,1255,4438,28.48
Vietnam,Air,60,6.9,2165,4443.97,331.07
Haiti,Air,30,20,647,4444.33,119.15
"Congo, DRC",Air,20,36.52,47,4449.1,10.04
Vietnam,Air,30,6.5,524,4453.71,83.47
Vietnam,Air,60,13.5,332,4454.62,64.8
Guyana,Air,20,32,355,4457.29,66.61
Tanzania,Air,100,139,1415,4458,444.8
Vietnam,Air,60,8.42,2777,4461.72,227.66
Uganda,Air,20,32,292,4462.61,34.64
Rwanda,Air,30,16.5,768,4465.1,53.7
C?te dIvoire,Truck,30,16.73,973,4466.99,246.29
Guyana,Air,30,11.75,376,4468.34,125.53
Mozambique,Truck,60,7.71,921,4468.51,250.34
Zambia,Truck,60,8.55,2565,4471.07,460.84
Zambia,Truck,60,2.33,1084,4471.07,108.9
Zambia,Truck,60,15.89,2556,4471.07,127.82
Zambia,Truck,30,19.92,13222,4471.08,5162.29
Rwanda,Air,240,1.85,1076,4474.31,7.78
Vietnam,Air,30,23.26,67,4476.29,21.49
Mozambique,Truck,240,1.95,5269,4480.45,45.03
Ethiopia,Air,240,2.15,1225,4485.25,11.44
Mozambique,Truck,60,8.11,7041,4486.01,392.74
Vietnam,Air,120,60.82,1368,4489.32,350.13
Nigeria,Air Charter,120,18.64,3232,4495.29,251.6
Zambia,Truck,30,4.12,4539,4496.13,266.8
Zambia,Truck,60,13.15,737,4496.13,137.39
Zambia,Truck,30,8.04,796,4496.13,105.96
Zambia,Truck,60,2.44,11438,4496.15,622.35
Mali,Air,100,80,169,4498.98,35.69
Sudan,Air,25,20,430,4500.71,0.99
Uganda,Air,30,26.25,666,4503,3.45
Vietnam,Air,30,11.99,2641,4503.42,390.85
Swaziland,Air,100,80,172,4504.46,49.76
Zambia,Truck,30,11,2876,4506.18,798.99
Zambia,Truck,30,8,9022,4506.18,1881.6
Zambia,Truck,60,7.12,4414,4506.2,559.97
South Africa,Ocean,60,2.49,3755,4514.06,402.63
C?te dIvoire,Air,60,15.5,882,4516.67,60.95
C?te dIvoire,Air,90,10.07,93,4519.96,15.18
C?te dIvoire,Air,60,15.5,914,4519.97,45.11
C?te dIvoire,Air,60,2.44,5350,4519.97,38.31
Rwanda,Air,240,13.7,724,4520.04,44.42
C?te dIvoire,Air,60,6.85,507,4520.66,59.28
Guyana,Air,30,5.87,392,4523,24.7
Vietnam,Air,60,14.49,30,4525.05,6.98
Namibia,Air,30,12.01,2094,4528.5,467.33
Tanzania,Truck,30,6.07,1248,4529.5,127.88
Zimbabwe,Truck,30,10.52,7831,4529.65,776.63
Zimbabwe,Truck,60,4.15,2641,4529.65,316.18
Zimbabwe,Truck,120,21.78,2293,4529.67,231.67
Sudan,Air,100,89,180,4529.86,55.51
Vietnam,Air,240,1.85,2998,4531.29,0.96
Haiti,Ocean,30,3.24,2471,4532.44,70.62
C?te dIvoire,Air,30,24,429,4540.55,62.4
Vietnam,Air,30,3.55,2490,4545.64,21.9
Uganda,Air,60,11.22,527,4549.95,106.44
Mozambique,Air,180,50,2955,4551.52,114.24
Tanzania,Truck,60,2.49,1380,4553.1,65.14
Vietnam,Air,60,8.1,2446,4559.25,167.64
Zambia,Truck,60,6.52,3704,4562.72,90.72
C?te dIvoire,Air,30,20,608,4568.92,111.33
South Africa,Ocean,90,9.98,2301,4573.2,373.47
South Africa,Ocean,90,9.98,3000,4573.21,487.21
Zambia,Truck,30,12.01,3817,4579.42,960.8
Burundi,Air,30,11.15,820,4581.26,84.41
C?te dIvoire,Air,60,6.85,440,4588.02,46.32
South Sudan,Air,100,8,173,4594.07,0.95
Uganda,Air,30,4.75,1325,4600.45,179.73
Uganda,Air,30,27.6,318,4604.83,97.3
Uganda,Air,240,1.95,7464,4605.44,64.35
Nigeria,Air,60,1.55,521,4608.92,23.93
Rwanda,Truck,240,1.86,1412,4609.68,4.24
Rwanda,Air,100,80,195,4613.67,108.8
Vietnam,Air,60,6.38,9,4620.03,288.11
C?te dIvoire,Truck,60,3.75,802,4625.27,87.21
Haiti,Air,100,350,22,4625.81,73.34
Zimbabwe,Air,25,20,1052,4641.85,112.26
C?te dIvoire,Air,30,16.73,779,4646.13,167.47
C?te dIvoire,Truck,30,16.73,779,4646.14,197.1
Uganda,Truck,30,19.92,720,4647.66,216.93
Rwanda,Truck,60,5.09,542,4649.71,31.55
Zambia,Air,60,2.33,579,4658.75,33.05
Ghana,Air,60,3.95,437,4659.75,36.84
South Sudan,Air,20,32,262,4669.02,33.6
Ethiopia,Air,300,30.82,1050,4672.77,30.25
Tanzania,Air,90,9.3,949,4673.77,143.8
Burundi,Air,240,1.85,891,4674.58,2.12
"Congo, DRC",Air,120,20.48,613,4676.4,58.27
Tanzania,Air,60,8.13,917,4676.61,72.96
C?te dIvoire,Air,180,50,1230,4680.1,443.04
Mozambique,Air,60,2.92,1139,4683.02,65.11
Vietnam,Air,30,10.19,1224,4686.88,335.54
South Africa,Ocean,90,8.17,3313,4689.6,337.01
Haiti,Air,60,1.4,418,4692.14,10.44
Tanzania,Air,336,38.36,146,4701.1,27.71
Ethiopia,Air,60,2.9,778,4702.02,41.65
South Sudan,Air,60,6.52,410,4708,2.65
Mozambique,Truck,240,2.1,1137,4711.97,13.86
Guyana,Air,20,32,362,4717.51,54.37
Guyana,Air,90,8.26,38,4718.3,0.6
Swaziland,Air,20,32,429,4726.15,67.06
C?te dIvoire,Truck,30,4.7,833,4730.18,37.08
C?te dIvoire,Truck,240,1.95,736,4747.87,4.82
Mozambique,Truck,60,9.62,249,4754.19,33.5
C?te dIvoire,Truck,30,11,740,4754.52,38.99
C?te dIvoire,Air,30,15.04,1674,4754.53,313.76
C?te dIvoire,Truck,30,15.04,972,4754.53,182.18
Vietnam,Air,120,82.2,445,4755.76,322.55
Zimbabwe,Air,25,20,624,4756.06,78.4
Uganda,Air,30,11.75,301,4758.36,17.81
Nigeria,Air,60,6.5,574,4760.43,66.82
Vietnam,Air,30,10,2523,4761.9,209.04
South Africa,Air,240,3.15,4621,4762.44,81.36
Mozambique,Air,60,8.76,1488,4764.16,283.71
Mozambique,Truck,60,3.4,1401,4764.16,182.38
Mozambique,Truck,60,11.36,3118,4768.06,140.52
Mozambique,Truck,60,11.23,15942,4768.06,39.09
Zimbabwe,Truck,30,6.08,1373,4777.08,176.12
Zimbabwe,Truck,60,2.51,2721,4777.08,37.58
Rwanda,Air,30,8.75,13147,4781.8,2611.33
C?te dIvoire,Truck,240,2.1,1273,4783.36,7.32
Vietnam,Air,30,10,2523,4784.19,209.04
Vietnam,Air,30,10,2523,4784.19,209.04
Vietnam,Air,30,11.49,2741,4802.92,332.43
South Sudan,Air,100,8,175,4803.06,3.8
Guyana,Air,60,9.5,402,4807,28.09
Tanzania,Air,20,32,554,4810.99,105.24
Mozambique,Truck,60,3.28,1804,4815.8,165.82
Rwanda,Air,30,20,114,4822.01,41.13
Haiti,Air,100,70,228,4829.61,112
Mozambique,Truck,60,11.36,4076,4834.6,25.38
South Africa,Ocean,60,7.33,7765,4835.17,276.09
Tanzania,Air,60,5.94,668,4835.39,32.2
C?te dIvoire,Air,30,1.25,406,4837.38,10.05
Tanzania,Truck,60,2.3,1221,4847.8,26.49
Kenya,Air,20,32,518,4851,104.52
Mozambique,Truck,120,18.9,2844,4853.84,248.69
Ethiopia,Air,100,8,400,4856.14,156.8
C?te dIvoire,Truck,30,15.04,979,4869.4,182.18
Vietnam,Air,30,10.15,2406,4872.65,223.12
South Africa,Air,240,3.15,838,4876.31,14.68
South Africa,Air,240,3.15,3732,4876.34,65.4
South Africa,Air,240,3.15,7353,4876.34,129.44
South Africa,Air,240,3.15,7349,4876.34,129.38
Haiti,Air,30,14.1,647,4877.34,108.73
C?te dIvoire,Air,30,6.07,760,4880.14,62.32
C?te dIvoire,Air,60,8.76,540,4881.06,111.19
Vietnam,Air,120,60.82,1714,4881.42,437.66
Vietnam,Air,30,12.36,301,4883.46,99.67
South Africa,Air,60,7.43,3085,4885.2,921
South Africa,Air,60,7.43,1431,4885.21,425.15
Vietnam,Air,30,6.75,314,4885.33,53.79
Zambia,Truck,30,2,2493,4887.18,136.86
Vietnam,Air,30,6.45,320,4890.38,47.89
Zambia,Truck,30,5.78,2901,4897.42,424.15
Zambia,Truck,60,8.76,2832,4897.42,590.02
C?te dIvoire,Air,336,38.36,546,4901.51,22.56
Haiti,Air,30,20,670,4909.72,123.7
Uganda,Truck,60,6.73,10166,4909.97,793.06
Uganda,Truck,60,9.81,836,4911,2.16
Uganda,Truck,30,8.23,607,4911.39,67.9
Tanzania,Truck,60,2,1293,4916,39.86
South Sudan,Air,60,2.22,513,4934.43,0.84
Zambia,Truck,60,5.58,73,4937.65,7.11
Uganda,Truck,60,6.73,6909,4947.38,53.22
Uganda,Truck,60,8.26,4009,4947.38,289.88
South Africa,Ocean,60,2.72,4121,4957.81,169.96
South Africa,Ocean,60,2.72,10536,4957.81,434.3
C?te dIvoire,Truck,30,3.19,622,4958,36.8
C?te dIvoire,Air,180,16.97,1554,4963,110.7
Zambia,Truck,60,7.72,526,4964.27,37.83
Zambia,Truck,60,8.76,2475,4964.27,471.13
Vietnam,Air,30,10.5,3138,4964.6,245.59
Nigeria,Air,60,5,455,4967.03,45.31
Mozambique,Air,100,77.7,2675,4969.35,1512.82
Zimbabwe,Truck,30,8.63,1019,4969.87,188.18
C?te dIvoire,Air,60,2.44,283,4969.95,28.25
Swaziland,Truck,30,9.99,7403,4971.05,764.28
Kenya,Air,20,32,499,4976.33,79.2
South Sudan,Air,100,89,181,4978.09,42.05
